<?xml version="1.0" encoding="UTF-8" standalone="no"?>
<!-- Created with Inkscape (http://www.inkscape.org/) -->

<svg
   width="609.59998mm"
   height="304.79999mm"
   viewBox="0 0 609.59998 304.79999"
   version="1.1"
   id="svg1"
   xml:space="preserve"
   inkscape:version="1.4.3 (0d15f750, 2025-12-25)"
   sodipodi:docname=".svg"
   xmlns:inkscape="http://www.inkscape.org/namespaces/inkscape"
   xmlns:sodipodi="http://sodipodi.sourceforge.net/DTD/sodipodi-0.dtd"
   xmlns="http://www.w3.org/2000/svg"
   xmlns:svg="http://www.w3.org/2000/svg"><sodipodi:namedview
     id="namedview1"
     pagecolor="#505050"
     bordercolor="#eeeeee"
     borderopacity="1"
     inkscape:showpageshadow="0"
     inkscape:pageopacity="0"
     inkscape:pagecheckerboard="0"
     inkscape:deskcolor="#505050"
     inkscape:document-units="mm"
     inkscape:zoom="0.070826452"
     inkscape:cx="2583.7804"
     inkscape:cy="924.79573"
     inkscape:window-width="1329"
     inkscape:window-height="720"
     inkscape:window-x="0"
     inkscape:window-y="25"
     inkscape:window-maximized="0"
     inkscape:current-layer="layer1" /><defs
     id="defs1" /><g
     inkscape:label="Layer 1"
     inkscape:groupmode="layer"
     id="layer1"
     transform="translate(196.32082,-1.8520894)"><path
       style="fill:#000000"
       d="m -47.918463,246.7961 c -0.1013,-0.1639 -0.29563,-0.89211 -0.43186,-1.61823 -0.1955,-1.04214 -0.13766,-1.32023 0.2746,-1.32023 0.32956,0 0.60097,0.48501 0.73558,1.3145 0.2004,1.23489 -0.17218,2.28111 -0.57832,1.62396 z m -2.37197,-6.73083 c -0.62218,-1.50371 -1.27061,-2.90738 -1.44097,-3.11926 -0.17035,-0.21188 -0.20527,-0.48969 -0.0776,-0.61736 0.61741,-0.61741 1.14304,-0.0203 2.04724,2.32551 0.54222,1.4067 1.12292,2.70845 1.29046,2.89278 0.47188,0.51916 0.35968,1.25236 -0.19163,1.25236 -0.28648,0 -0.97444,-1.1557 -1.62749,-2.73403 z m 4.2404,2.34752 c 0,-0.21258 0.31159,-0.82409 0.69241,-1.35891 0.38082,-0.53482 0.98062,-1.74864 1.33288,-2.69738 0.40416,-1.08852 0.88357,-1.7718 1.29934,-1.85187 0.44675,-0.086 0.59238,0.0266 0.45234,0.34986 -0.11359,0.26222 -0.73207,1.70264 -1.37439,3.20094 -0.81401,1.89879 -1.35491,2.72717 -1.78522,2.73403 -0.33954,0.005 -0.61736,-0.16409 -0.61736,-0.37667 z m 3.52778,-7.35378 c 0,-0.18258 0.15667,-0.42878 0.34814,-0.54712 0.19148,-0.11834 0.59075,-1.04052 0.88727,-2.04929 0.69742,-2.3727 1.09104,-3.00018 1.57712,-2.5141 0.26143,0.26143 0.10807,1.1014 -0.51448,2.81774 -0.48781,1.34491 -0.88694,2.48566 -0.88694,2.53501 0,0.0493 -0.3175,0.0897 -0.70555,0.0897 -0.38806,0 -0.70556,-0.14938 -0.70556,-0.33196 z m -10.93611,-0.90276 c -0.4557,-0.48507 -1.01956,-0.88195 -1.25302,-0.88195 -0.23346,0 -0.60672,-0.21958 -0.82945,-0.48797 -0.31266,-0.37672 -0.28032,-0.5358 0.14185,-0.6978 0.39495,-0.15156 0.48161,-0.46974 0.312,-1.14553 -0.38299,-1.52594 0.66021,-0.84279 1.28265,0.83996 0.29478,0.79694 0.91777,1.85539 1.38441,2.35211 0.62086,0.66087 0.7065,0.90312 0.31927,0.90312 -0.29104,0 -0.90201,-0.39687 -1.35771,-0.88194 z m 71.61389,-0.17639 c 0,-0.47978 -0.23519,-0.70556 -0.73496,-0.70556 -0.43117,0 -0.67419,-0.18227 -0.58796,-0.44097 0.0809,-0.24253 0.37189,-0.44097 0.64676,-0.44097 0.27487,0 0.5517,-0.36634 0.61516,-0.81408 0.14099,-0.99464 0.90004,-0.83332 1.05567,0.22435 0.062,0.42136 0.33982,0.76612 0.61736,0.76612 0.27755,0 0.50463,0.15875 0.50463,0.35277 0,0.19403 -0.23812,0.35278 -0.52916,0.35278 -0.29398,0 -0.52917,0.31358 -0.52917,0.70556 0,0.39197 -0.23519,0.70555 -0.52917,0.70555 -0.29398,0 -0.52916,-0.31358 -0.52916,-0.70555 z m -4.66923,-2.40261 c -1.57926,-0.89689 -2.04785,-1.56222 -1.38765,-1.97025 0.43016,-0.26585 3.99816,2.22981 3.75361,2.62549 -0.29014,0.46945 -0.47646,0.41785 -2.36596,-0.65524 z M 7.5721867,229.3966 c 0,-0.52037 -4.58292,-2.54901 -5.21261,-2.30737 -0.30753,0.11801 -1.43996,-0.76642 -2.93841,-2.29489 -2.0463,-2.0873 -2.40309,-2.62613 -2.22054,-3.35347 0.12298,-0.49 0.0633,-0.86657 -0.13732,-0.86657 -0.19514,0 -0.53913,-1.07156 -0.76443,-2.38125 -0.22529,-1.30968 -0.49692,-2.73843 -0.60362,-3.175 -0.15484,-0.63351 -0.0439,-0.79375 0.5498,-0.79375 0.64712,0 0.74379,0.20779 0.74379,1.59863 0,2.03335 1.15953,5.49331 2.4881,7.42431 1.04917,1.52491 3.33942,3.21952 4.11356,3.04372 0.58299,-0.13239 3.98168,1.61779 3.98168,2.0504 0,0.19076 0.96573,0.34683 2.14607,0.34683 1.5592503,0 2.1062903,0.12058 2.0006003,0.44097 -0.18641,0.56512 -4.1466703,0.82053 -4.1466703,0.26744 z m -55.4758997,-0.2367 c -0.48387,-0.84341 -1.02978,-5.13769 -0.69561,-5.47186 0.4131,-0.4131 0.52708,-0.11397 1.14673,3.00939 0.26776,1.34967 0.28999,2.18611 0.0641,2.41199 -0.19019,0.19019 -0.42205,0.21291 -0.51523,0.0505 z m 66.05924,-2.58838 c 0,-2.27345 0.10289,-2.82222 0.52916,-2.82222 0.42628,0 0.52917,0.54877 0.52917,2.82222 0,2.27346 -0.10289,2.82223 -0.52917,2.82223 -0.42627,0 -0.52916,-0.54877 -0.52916,-2.82223 z m -76.00994,0.64153 c -0.62078,-2.09037 -0.70674,-3.81653 -0.19006,-3.81653 0.19403,0 0.35278,0.29265 0.35278,0.65033 0,0.35768 0.30436,1.53498 0.67637,2.61623 0.372,1.08124 0.58366,2.05859 0.47037,2.17189 -0.48551,0.4855 -0.79891,0.0973 -1.30946,-1.62192 z m 18.66978,1.03417 c 1.28983,-4.1803 1.20374,-7.09654 -0.30456,-10.31733 -0.66015,-1.40967 -1.37712,-2.67233 -1.59326,-2.80591 -0.5029,-0.31081 -0.14856,-0.89968 0.54137,-0.89968 0.31336,0 1.05148,1.11271 1.81364,2.73403 1.19947,2.55162 1.2847,2.95763 1.27745,6.08542 -0.005,2.30323 -0.18729,3.76513 -0.58174,4.6743 -0.62583,1.44246 -1.56814,1.87498 -1.1529,0.52917 z m -19.5654,-7.05353 c 0,-1.2394 0.32164,-2.70346 0.91709,-4.17454 1.0878,-2.68744 1.52934,-3.31176 2.00547,-2.83562 0.22069,0.22069 0.0864,0.75754 -0.37882,1.51426 -0.82932,1.34899 -1.92284,5.292 -1.76721,6.37223 0.058,0.40247 -0.093,0.79943 -0.33555,0.88214 -0.31698,0.1081 -0.44098,-0.38637 -0.44098,-1.75847 z m 77.13192,-1.76591 c -0.128,-1.98879 -0.32917,-4.05254 -0.44706,-4.58612 -0.16058,-0.72685 -0.0799,-0.97013 0.32191,-0.97013 0.5665,0 0.75461,1.03249 1.173,6.43819 0.1745,2.25461 0.12159,2.73403 -0.30176,2.73403 -0.40078,0 -0.56441,-0.79304 -0.74609,-3.61597 z m -66.54858,2.42534 c 0,-2.39722 -0.88155,-3.97131 -1.3089,-2.33715 -0.19023,0.72747 -0.80777,0.9885 -0.80777,0.34145 0,-0.20026 0.22826,-0.91041 0.50724,-1.5781 0.36877,-0.8826 0.41692,-1.5289 0.17639,-2.36759 -0.45213,-1.57647 -0.41616,-2.0402 0.15826,-2.0402 0.3126,0 0.5792,0.60078 0.73875,1.66474 0.13731,0.91561 0.61181,2.38404 1.05446,3.26319 0.53968,1.07188 0.74798,1.97615 0.63231,2.74498 -0.20029,1.33134 -1.15074,1.5863 -1.15074,0.30868 z m 58.1001697,-2.61871 c -0.5226,-0.54547 -0.95017,-1.14467 -0.95017,-1.33155 0,-0.18687 -0.40451,-0.93506 -0.89891,-1.66263 -0.8099,-1.19188 -0.8996,-2.01593 -0.21943,-2.01593 0.13812,0 0.64297,0.75407 1.1219,1.6757 0.47893,0.92163 1.2603803,2.1133 1.7365603,2.64816 1.23163,1.38339 0.49284,2.0252 -0.7899503,0.68625 z m -81.3835097,-3.01158 c 0,-1.1264 0.33366,-1.99853 0.7646,-1.99853 0.49628,0 0.19272,2.56654 -0.32362,2.73616 -0.27387,0.09 -0.44098,-0.18956 -0.44098,-0.73763 z m -55.385987,-2.88047 c 0,-0.29104 -0.24809,-0.52917 -0.5513,-0.52917 -0.59433,0 -2.76349,-4.31138 -2.70324,-5.37291 0.0191,-0.33573 -0.11401,-0.70229 -0.29569,-0.81457 -0.45954,-0.28401 -0.41448,-1.83276 0.0619,-2.12717 0.55153,-0.34087 1.02353,0.5369 0.9616,1.78826 -0.0611,1.23575 0.76954,3.33215 2.06187,5.20348 0.86375,1.25073 1.01684,1.32291 2.8059,1.32291 1.44686,0 1.8923,0.12457 1.8923,0.52917 0,0.41157 -0.47037,0.52917 -2.11667,0.52917 -1.64629,0 -2.11666,-0.1176 -2.11666,-0.52917 z m 83.139967,-1.39493 c -1.22296,-1.41655 -1.64842,-2.2013 -1.64842,-3.04047 v -1.13111 l 0.91632,1.37214 c 0.50398,0.75468 1.46379,1.94195 2.13292,2.63838 0.99924,1.04002 1.13003,1.33807 0.7321,1.66833 -0.38477,0.31933 -0.82377,0.009 -2.13292,-1.50727 z m 21.54671,1.68881 c -0.33955,-0.0931 -0.61736,-0.39571 -0.61736,-0.67253 0,-0.36974 0.47493,-0.5033 1.78976,-0.5033 1.51389,0 1.77172,0.0952 1.6728,0.61737 -0.11875,0.62685 -1.56214,0.91016 -2.8452,0.55846 z m 18.0120597,0.0499 c -0.10196,-0.10197 -0.0326,-1.01478 0.15415,-2.02848 0.18675,-1.01369 0.2599,-2.74342 0.16256,-3.84384 -0.15599,-1.76353 -0.0798,-2.0921 0.64289,-2.77099 1.14248,-1.07331 1.73119,-0.60541 1.00504,0.79881 -0.35483,0.68616 -0.62301,2.29319 -0.71039,4.25692 -0.0772,1.73504 -0.22636,3.29375 -0.33145,3.46379 -0.21414,0.34647 -0.64263,0.40395 -0.9228,0.12379 z m 9.91448,-0.96115 c -0.50218,-0.63059 -1.19496,-1.74183 -1.5395,-2.46944 -0.34455,-0.7276 -0.76712,-1.32291 -0.93904,-1.32291 -0.17192,0 -0.31258,-0.23813 -0.31258,-0.52917 0,-0.78929 0.76857,-0.64098 1.84348,0.35574 0.57923,0.53709 0.87226,1.09878 0.74552,1.42904 -0.12246,0.31913 0.24028,1.10298 0.87717,1.89551 0.95755,1.19153 1.10556,1.78779 0.44379,1.78775 -0.11319,0 -0.61666,-0.51594 -1.11884,-1.14652 z m -76.7003697,0.44472 c 0.36724,-0.59421 0.22331,-7.86135 -0.16336,-8.24803 -0.50672,-0.50672 -0.45343,-1.72842 0.10894,-2.4975 0.4567,-0.62458 0.4821,-0.62389 0.76312,0.0208 0.15989,0.36677 0.36147,3.00842 0.44797,5.87033 0.15568,5.15106 0.14956,5.20347 -0.60756,5.20347 -0.42066,0 -0.66775,-0.15707 -0.54911,-0.34904 z m 15.49333,-0.13423 c -0.11143,-0.2904 0.20719,-1.13106 0.70805,-1.86814 0.50086,-0.73709 0.91065,-1.51376 0.91065,-1.72593 0,-0.56281 1.71634,-2.08503 2.01461,-1.78676 0.13942,0.13942 0.0619,0.52369 -0.17225,0.85394 -0.23417,0.33024 -0.89969,1.50168 -1.47894,2.60321 -1.16659,2.21843 -1.6784,2.71515 -1.98212,1.92368 z m 7.26315,-0.94866 c 0,-0.62961 0.14696,-0.98833 0.35278,-0.86113 0.19402,0.11992 0.35277,0.60554 0.35277,1.07916 0,0.47361 -0.15875,0.86112 -0.35277,0.86112 -0.19403,0 -0.35278,-0.48562 -0.35278,-1.07915 z m 65.22462,0.0598 c -0.22071,-0.63314 -0.77298,-1.88533 -1.22726,-2.78265 -0.45427,-0.89732 -0.75887,-1.69857 -0.67688,-1.78057 0.3278,-0.3278 1.26207,0.31785 1.55513,1.07471 0.17114,0.44201 0.59313,1.48361 0.93774,2.31466 0.47337,1.14154 0.52706,1.61052 0.21957,1.91801 -0.30748,0.30748 -0.50512,0.12552 -0.8083,-0.74416 z m -139.048347,0.45565 c -0.11598,-0.11598 -0.12546,-0.43348 -0.0211,-0.70555 0.12613,-0.3287 0.7394,-0.49074 1.82776,-0.48294 l 1.63794,0.0117 -0.83283,0.69382 c -0.80152,0.66775 -2.17336,0.92141 -2.61182,0.48294 z m 3.97381,-0.31828 c 0,-0.40623 0.45077,-0.52917 1.94028,-0.52917 1.48949,0 1.94025,0.12294 1.94025,0.52917 0,0.40622 -0.45076,0.52916 -1.94025,0.52916 -1.48951,0 -1.94028,-0.12294 -1.94028,-0.52916 z m 99.306437,0.17572 c -0.30153,-0.48788 1.34282,-1.05767 3.05234,-1.05767 1.36764,0 1.4452,-0.0632 2.16371,-1.76389 0.40987,-0.97014 0.96254,-1.76389 1.22815,-1.76389 0.55958,0 0.38283,0.80865 -0.66446,3.04007 -0.62018,1.3214 -0.82874,1.47272 -2.30963,1.67569 -2.28699,0.31347 -3.21743,0.27853 -3.47011,-0.13031 z m -94.720347,-0.41528 c 0,-0.71597 3.19012,-1.54148 3.5716,-0.92422 0.40119,0.64913 0.001,0.89688 -1.89592,1.17481 -1.32097,0.19351 -1.67568,0.14046 -1.67568,-0.25059 z m 86.959657,0.16439 c -1.06739,-0.25674 -1.43876,-0.75063 -0.76022,-1.01101 0.98013,-0.37611 3.75882,0.18203 3.75882,0.75501 0,0.50966 -1.43478,0.63215 -2.9986,0.256 z m -3.88056,-1.66936 c -0.77611,-0.2397 -1.37142,-0.54055 -1.32291,-0.66856 0.0485,-0.12801 0.0882,-0.37478 0.0882,-0.54837 0,-0.30767 1.65288,-0.0299 2.91041,0.4891 0.70348,0.29033 0.84546,1.25677 0.17639,1.20064 -0.24254,-0.0203 -1.07597,-0.23311 -1.85208,-0.47281 z m -78.845787,-0.51079 c 0,-0.40881 0.20728,-0.7433 0.46062,-0.7433 0.25335,0 0.99857,-0.39687 1.65603,-0.88194 1.1692,-0.86261 2.46943,-1.17252 2.46943,-0.58858 0,0.30492 -2.98383,2.34227 -4.0034,2.73352 -0.42811,0.16429 -0.58268,0.0264 -0.58268,-0.5197 z m 75.129157,-1.09245 c -0.67224,-0.35748 -1.50007,-0.73768 -1.83962,-0.84489 -0.91568,-0.28911 -0.74785,-0.92262 0.24442,-0.92262 0.92733,0 3.37156,1.28891 3.37156,1.77791 0,0.62069 -0.59617,0.6172 -1.77636,-0.0104 z m -14.3094,-0.59592 c -0.13023,-0.54736 -0.47819,-1.27302 -0.77324,-1.61256 -0.49287,-0.56719 -0.46204,-0.61737 0.37933,-0.61737 1.08316,0 1.2017,0.15078 1.36349,1.73422 0.15311,1.49858 -0.6351,1.90156 -0.96958,0.49571 z m -56.050887,-1.86681 c -0.1164,-0.18833 0.18004,-0.44074 0.65876,-0.56089 0.47872,-0.12015 1.14482,-0.52168 1.48021,-0.89229 0.71697,-0.79224 1.55879,-0.8859 1.55879,-0.17343 0,0.56676 -2.08753,1.96905 -2.93124,1.96905 -0.30518,0 -0.65012,-0.1541 -0.76652,-0.34244 z m 52.238807,-0.0985 c 0.66332,-1.16011 0.93526,-1.33676 1.42816,-0.92769 0.36812,0.30552 0.38917,0.52147 0.0864,0.8863 -0.51407,0.61942 -1.86618,0.65637 -1.51455,0.0414 z m 12.98341,-0.57637 c -1.83616,-1.35772 -3.40839,-3.29848 -4.72556,-5.83327 -0.72949,-1.40384 -0.95725,-2.16709 -0.69504,-2.32915 0.2606,-0.16106 0.0927,-0.67914 -0.50587,-1.56122 -0.49274,-0.72609 -1.09138,-1.86078 -1.33031,-2.52154 -0.23893,-0.66075 -0.54766,-1.20137 -0.68607,-1.20137 -0.13841,0 -0.71956,0.76046 -1.29146,1.68991 -0.5719,0.92945 -1.33958,1.98967 -1.70595,2.35605 -0.36638,0.36638 -0.66615,0.80783 -0.66615,0.98101 0,0.17318 -0.62103,0.77792 -1.38007,1.34388 -1.11307,0.82992 -1.47923,0.94671 -1.8926,0.60364 -0.43775,-0.36329 -0.3908,-0.50422 0.32174,-0.96589 1.22651,-0.79468 3.83288,-3.22827 3.83288,-3.57878 0,-0.64832 2.20344,-3.84093 2.65089,-3.84093 0.78667,0 1.54066,1.00451 1.79589,2.39259 0.13264,0.72137 0.62009,1.76622 1.08322,2.32188 0.46312,0.55567 0.75989,1.27005 0.65947,1.5875 -0.10041,0.31746 0.13171,1.05345 0.51582,1.63553 0.38412,0.58208 0.69944,1.28112 0.70072,1.55341 0.003,0.68788 3.46881,4.32943 4.73267,4.97298 0.57158,0.29104 1.10368,0.7276 1.18245,0.97014 0.25617,0.78874 -1.18231,0.46945 -2.59667,-0.57637 z m 51.77254,0.02 c -0.99521,-0.82559 -1.09998,-1.04428 -0.67091,-1.40037 0.40654,-0.3374 0.64298,-0.27269 1.17938,0.3228 0.36901,0.40963 1.0281,0.88139 1.46466,1.04835 0.43657,0.16696 0.79375,0.46624 0.79375,0.66507 0,0.69949 -1.6006,0.33166 -2.76688,-0.63585 z m -24.69128,-0.0822 c 0.0648,-0.44298 0.32967,-0.87522 0.58853,-0.96053 0.3198,-0.1054 0.43288,0.10304 0.35278,0.65029 -0.0648,0.44297 -0.32967,0.87521 -0.58853,0.96053 -0.3198,0.1054 -0.43288,-0.10304 -0.35278,-0.65029 z m -56.32809,-0.334 c -0.32565,-0.52691 0.66978,-0.79111 2.44782,-0.64969 1.26822,0.10086 1.60534,0.005 1.73566,-0.49327 0.11696,-0.44727 0.51902,-0.61844 1.45267,-0.61844 0.71001,0 1.58837,-0.15918 1.95189,-0.35373 0.44825,-0.2399 0.73438,-0.23492 0.88912,0.0155 0.42349,0.68521 -0.53319,1.29775 -2.36587,1.51481 -1.00232,0.1187 -1.98536,0.3788 -2.18455,0.57798 -0.46699,0.467 -3.63894,0.47256 -3.92674,0.007 z m -9.69985,-0.49263 c 0,-0.34267 0.54318,-0.53276 1.76411,-0.61736 1.49154,-0.10336 1.76407,-0.0269 1.76388,0.49512 -1.8e-4,0.50562 -0.31948,0.61736 -1.7641,0.61736 -1.27881,0 -1.76389,-0.13616 -1.76389,-0.49512 z m -3.61597,-0.46312 c -1.14346,-0.17321 -1.26758,-0.6637 -0.24971,-0.98676 1.09837,-0.34861 3.5129,0.1609 3.5129,0.74129 0,0.49889 -1.06264,0.57883 -3.26319,0.24547 z m -18.961807,-0.89468 c 0,-0.27144 0.39955,-0.86889 0.887877,-1.32765 0.48833,-0.45877 1.0575,-1.40027 1.26482,-2.09224 0.51837,-1.73018 1.28085,-2.72364 1.73887,-2.26562 0.47061,0.4706 -2.49537,5.90521 -3.310007,6.06499 -0.31986,0.0627 -0.58156,-0.10803 -0.58156,-0.37948 z m 89.188307,0.25977 c -0.10012,-0.10013 0.0322,-1.00785 0.29399,-2.01716 0.26181,-1.00932 0.47602,-2.27677 0.47602,-2.81657 0,-0.5398 0.15875,-0.98145 0.35278,-0.98145 0.4538297,0 0.4605197,3.90401 0.009,5.09231 -0.32756,0.86154 -0.7335,1.12088 -1.13152,0.72287 z m 20.9958297,-0.45503 c -0.80851,-0.32871 -1.58903,-0.71672 -1.73449,-0.86224 -0.14546,-0.14552 -1.19051,-0.26458 -2.32234,-0.26458 -1.59403,0 -2.05787,-0.11927 -2.05787,-0.52917 0,-0.40623 0.45077,-0.52916 1.94028,-0.52916 1.13483,0 1.94028,0.15565 1.94028,0.37495 0,0.20622 0.27781,0.33594 0.61736,0.28826 0.82603,-0.11598 4.0158803,1.44456 3.7690703,1.84392 -0.25369,0.41047 -0.40716,0.38752 -2.1522903,-0.32198 z M -131.35622,202.84727 c -0.39925,-0.7804 -1.09872,-3.54517 -1.11562,-4.40972 -0.005,-0.24254 0.21977,-0.44097 0.49892,-0.44097 0.33953,0 0.58016,0.55471 0.72687,1.67569 0.1878,1.43487 0.42184,2.17906 1.16491,3.70417 0.33418,0.68588 -0.91967,0.16552 -1.27508,-0.52917 z m 9.45908,0.59668 c 0,-0.1084 0.45766,-0.78308 1.017,-1.49931 0.55935,-0.71623 1.11356,-1.69911 1.23159,-2.18418 0.33032,-1.3575 0.79524,-1.8897 1.43601,-1.64381 0.51165,0.19634 0.47388,0.38026 -0.31717,1.54441 -0.4939,0.72684 -0.898,1.5745 -0.898,1.88369 0,0.6418 -1.4232,2.09627 -2.05119,2.09627 -0.23003,0 -0.41824,-0.0887 -0.41824,-0.19707 z m 98.138657,-1.30224 c -1.03294,-1.50994 -2.18322,-3.59172 -2.18322,-3.95123 0,-0.10665 0.21099,-0.1939 0.46887,-0.1939 0.25787,0 0.84059,0.79367 1.29494,1.76371 0.45434,0.97004 1.11647,2.02652 1.47141,2.34773 0.68578,0.62062 0.86998,1.533 0.30951,1.533 -0.18471,0 -0.79739,-0.67469 -1.36151,-1.49931 z m -139.266777,0.0404 c -0.40652,-0.65777 0.28554,-0.93143 2.20608,-0.87233 2.33511,0.0719 3.13368,0.89206 0.93964,0.9651 -0.74377,0.0248 -1.71341,0.0827 -2.15476,0.12864 -0.44134,0.046 -0.88727,-0.0536 -0.99096,-0.22141 z m 6.79719,0.13913 c -2.69694,-0.16822 -2.53567,-0.93299 0.22756,-1.07912 1.81605,-0.096 2.0006,-0.0391 2.0006,0.61736 0,0.39773 -0.0397,0.69314 -0.0882,0.65645 -0.0485,-0.0367 -1.01149,-0.1243 -2.13996,-0.19469 z m 97.834717,-0.45145 c 0.20983,-0.39206 0.29794,-0.84806 0.19581,-1.01331 -0.24449,-0.3956 2.34385,-0.81029 2.71857,-0.43556 0.35078,0.35078 -1.93686,2.16172 -2.73076,2.16172 -0.45773,0 -0.49262,-0.13547 -0.18362,-0.71285 z m -109.629477,0.10708 c -0.71584,-0.25744 -0.50328,-1.15812 0.27332,-1.15812 0.41993,0 0.84092,-0.33307 1.02158,-0.80825 0.16901,-0.44454 0.59168,-1.03985 0.93926,-1.32292 0.55593,-0.45274 0.60863,-0.451 0.43794,0.0145 -0.70019,1.9096 -0.69849,2.11667 0.0173,2.11667 0.83577,0 1.35366,0.64659 0.68431,0.85436 -0.89175,0.2768 -2.93672,0.46093 -3.37375,0.30376 z m 82.525287,-0.19954 c -0.20656,-0.2489 -0.54012,-0.88534 -0.74124,-1.41433 l -0.36567,-0.96179 0.96263,0.61573 c 1.01009,0.64607 1.81438,1.50081 1.83335,1.94834 0.0187,0.44123 -1.28752,0.29588 -1.68907,-0.18795 z m -67.091257,-0.95858 c 0,-0.44424 0.23518,-0.70556 0.635,-0.70556 0.34925,0 0.82285,-0.18785 1.05245,-0.41745 0.57546,-0.57546 0.75367,-0.28862 0.53333,0.85842 -0.15194,0.79095 -0.37426,0.97014 -1.20357,0.97014 -0.78203,0 -1.01721,-0.16313 -1.01721,-0.70555 z m 151.9393767,0.46614 c -0.35028,-0.0949 -0.54882,-0.35772 -0.4412,-0.58396 0.10763,-0.22624 0.29368,-0.68916 0.41345,-1.02871 0.11977,-0.33955 0.35011,-0.61736 0.51186,-0.61736 0.16176,0 0.44958,0.27781 0.6396,0.61736 0.19002,0.33955 0.70062,0.61736 1.13466,0.61736 0.43404,0 0.85531,0.19844 0.93616,0.44097 0.0817,0.24498 -0.14047,0.44312 -0.49977,0.44579 -0.35572,0.003 -0.96426,0.067 -1.35232,0.143 -0.38805,0.076 -0.99215,0.0605 -1.34244,-0.0345 z M -149.21992,199.78871 c -0.1103,-0.17846 0.70227,-0.81346 1.80571,-1.41111 2.09667,-1.1356 2.58652,-1.28494 2.58652,-0.78853 0,0.40496 -1.20159,1.46579 -1.66028,1.46579 -0.2035,0 -0.56762,0.23812 -0.80916,0.52917 -0.48782,0.58777 -1.61206,0.70745 -1.92279,0.20468 z m 59.690027,-1.35411 c -1.08374,-0.67193 -1.21831,-1.07054 -0.45966,-1.36166 0.59832,-0.2296 2.28454,0.89981 2.30066,1.54095 0.0152,0.60572 -0.68481,0.53754 -1.841,-0.17929 z m -28.311287,-1.14518 c -0.14661,-0.23721 0.21136,-0.89309 0.84324,-1.54503 0.6039,-0.62306 1.09799,-1.22435 1.09799,-1.3362 0,-0.11184 0.41696,-0.94938 0.92658,-1.8612 0.59371,-1.06227 1.04857,-1.53585 1.26616,-1.31827 0.21758,0.21759 -0.0756,1.11307 -0.81625,2.49265 -1.33671,2.49 -2.92699,4.20027 -3.31772,3.56805 z M -165.52427,196.85 c 0.10604,-0.24254 0.68552,-1.62524 1.28773,-3.07267 1.25638,-3.01974 1.30461,-3.09004 1.78824,-2.60642 0.3449,0.34491 -0.0923,1.64617 -1.67094,4.97284 -0.4966,1.0465 -1.85156,1.72759 -1.40503,0.70625 z m 20.87678,0.0943 c -0.15602,-0.25244 0.2345,-0.94252 0.9698,-1.7137 0.67705,-0.71009 1.33142,-1.68794 1.45414,-2.17301 0.34998,-1.38325 1.20296,-2.33123 1.67389,-1.86031 0.29126,0.29126 0.1777,0.69977 -0.4329,1.55728 -0.45525,0.63934 -0.86155,1.3929 -0.90289,1.67457 -0.12735,0.86763 -2.46478,2.99615 -2.76204,2.51517 z m 11.48412,-0.62352 c 0.0422,-1.80591 0.90372,-5.15948 1.36501,-5.31325 0.34453,-0.11484 0.40993,0.18685 0.26299,1.21319 -0.10756,0.75132 -0.30503,2.19947 -0.43883,3.21812 -0.1598,1.21668 -0.4094,1.85208 -0.72754,1.85208 -0.29862,0 -0.4756,-0.37194 -0.46163,-0.97014 z m 123.020207,0.77609 c -0.10673,-0.10673 -0.0632,-0.7744 0.0968,-1.48372 0.1799797,-0.79802 0.1375597,-1.86287 -0.11127,-2.79322 -0.4255,-1.59091 -0.18547,-2.2965 0.5358597,-1.57517 0.24397,0.24397 0.48886,1.65909 0.56064,3.23968 0.1029,2.26582 0.0296,2.80648 -0.38028,2.80648 -0.27924,0 -0.5950397,-0.0873 -0.7017697,-0.19405 z m -60.77363,-0.50487 c -0.3119,-0.50466 -0.40677,-4.12878 -0.11573,-4.42114 0.579,-0.58163 0.99361,0.37721 0.99361,2.29789 0,1.96469 -0.39117,2.91077 -0.87788,2.12325 z m 43.76701,-0.44756 c -1.10615,-1.69241 -2.29875,-4.82199 -1.92545,-5.05271 0.56315,-0.34805 0.96713,0.22063 2.24507,3.16032 0.84556,1.94508 1.03411,2.68614 0.68344,2.68614 -0.26635,0 -0.71772,-0.35718 -1.00306,-0.79375 z m -69.34747,-0.033 c 0,-0.26067 0.30437,-1.3586 0.67637,-2.43984 0.372,-1.08124 0.58741,-2.05486 0.47868,-2.16359 -0.10874,-0.10873 0.0579,-0.29577 0.37027,-0.41565 0.65926,-0.25297 2.08607,1.21762 2.76243,2.84718 0.2416,0.58209 0.72506,1.26577 1.07437,1.51931 0.77098,0.5596 0.82611,1.12652 0.10954,1.12652 -0.28906,0 -1.10315,-0.86991 -1.8091,-1.93315 -1.2044,-1.81396 -1.89867,-2.20031 -1.89867,-1.0566 0,0.7003 -1.13061,2.98975 -1.47645,2.98975 -0.15809,0 -0.28744,-0.21327 -0.28744,-0.47393 z m -57.272447,-5.33385 c -0.25145,-0.65525 2.4079,-2.80502 3.12807,-2.52866 0.96701,0.37107 0.58811,0.78814 -2.52307,2.77724 -0.22967,0.14683 -0.49512,0.0378 -0.605,-0.24858 z m -8.46001,-0.42293 c -0.12842,-0.12843 0.132,-0.72374 0.57872,-1.32292 0.44672,-0.59918 1.09409,-1.84348 1.4386,-2.76511 0.34451,-0.92164 0.85138,-1.6757 1.12638,-1.6757 0.737,0 0.6346,0.42183 -0.81209,3.34555 -1.21887,2.46328 -1.74295,3.00683 -2.33161,2.41818 z m 21.63535,-0.09 c 0,-0.17794 0.3175,-1.06423 0.70556,-1.96952 0.38805,-0.9053 0.70555,-1.99937 0.70555,-2.43127 0,-1.01876 0.85927,-2.23317 1.19535,-1.68939 0.38785,0.62756 -1.50544,6.41371 -2.09864,6.41371 -0.2793,0 -0.50782,-0.14559 -0.50782,-0.32353 z m 18.13814,-0.0777 c -0.29504,-0.47738 1.17436,-1.69641 2.05838,-1.70764 0.9067,-0.0115 0.75522,0.46309 -0.42669,1.33692 -1.20418,0.8903 -1.29747,0.9115 -1.63169,0.37072 z m 25.895917,-0.39257 c -0.78552,-1.41496 -2.0503,-4.65847 -2.05198,-5.26227 -9e-4,-0.32337 -0.17447,-0.64557 -0.38572,-0.71599 -0.76075,-0.25358 -0.4812,-7.1334 0.35321,-8.69251 0.54151,-1.01183 0.50146,-1.08054 -0.58648,-1.00606 -1.570617,0.10753 -1.243947,-0.95558 0.35899,-1.16831 1.02829,-0.13646 1.48744,-0.43783 2.02848,-1.33144 0.38463,-0.63528 0.69933,-1.36725 0.69933,-1.6266 0,-0.47975 5.57104,-3.23018 5.89222,-2.909 0.36792,0.36793 -0.34492,0.93177 -2.55112,2.01788 -1.25552,0.61809 -2.28277,1.31872 -2.28277,1.55696 0,0.23824 -0.3123,0.83019 -0.694,1.31544 -0.3817,0.48526 -0.58038,0.9959 -0.44152,1.13476 0.13886,0.13886 -0.0297,0.45883 -0.37467,0.71105 -1.38712,1.01428 -1.98058,3.00682 -1.89514,6.3629 0.0669,2.62809 0.24562,3.51508 1.03752,5.14932 0.52619,1.08587 0.96023,2.11775 0.96455,2.29305 0.004,0.17531 0.31828,0.71561 0.69771,1.20068 0.37943,0.48507 0.6934,1.08039 0.69771,1.32292 0.0131,0.73613 -0.99667,0.49319 -1.46632,-0.35278 z m 49.45194,0.33365 c 0,-0.28151 0.22918,-0.70204 0.50929,-0.93451 0.28011,-0.23247 0.84868,-1.44253 1.26348,-2.68903 0.45491,-1.36699 0.95278,-2.26636 1.2546,-2.26636 0.86867,0 0.58406,1.07335 -1.40249,5.28917 -0.46118,0.9787 -1.62488,1.40893 -1.62488,0.60073 z m 25.48819,-0.28604 c -1.82511,-1.16883 -1.49165,-1.88181 0.44097,-0.94286 0.87312,0.42419 1.5875,0.97775 1.5875,1.23013 0,0.65787 -0.70957,0.55738 -2.02847,-0.28727 z M -132.005,189.69347 c -0.40402,-1.05287 0.0945,-4.41365 0.74649,-5.03226 0.60279,-0.57194 0.61913,-0.54279 0.35619,0.63527 -0.36479,1.63431 -0.38332,2.78912 -0.0637,3.96875 0.20437,0.75421 0.14114,0.97014 -0.28409,0.97014 -0.30083,0 -0.64053,-0.24386 -0.7549,-0.5419 z m 120.762367,0.30671 c -0.12935,-0.12935 -0.23519,-0.50808 -0.23519,-0.84162 0,-0.33354 -0.23714,-1.06114 -0.52699,-1.6169 -0.28985,-0.55575 -0.52797,-1.54584 -0.52917,-2.20018 -0.002,-1.01764 0.0744,-1.12621 0.527,-0.75056 0.29104,0.24154 0.53421,1.01504 0.54038,1.71889 0.006,0.70385 0.2443,1.58788 0.52917,1.96451 0.82485,1.09055 0.55958,2.59064 -0.3052,1.72586 z m -59.62183,-0.37911 c -0.7835,-1.26774 -0.38857,-5.03332 0.47211,-4.50139 0.44573,0.27547 0.46776,4.29784 0.025,4.57145 -0.18062,0.11163 -0.40434,0.0801 -0.49714,-0.0701 z m 82.66999,-0.62043 c 0,-0.41157 0.47037,-0.52916 2.11666,-0.52916 1.6463,0 2.11667,0.11759 2.11667,0.52916 0,0.41158 -0.47037,0.52917 -2.11667,0.52917 -1.64629,0 -2.11666,-0.11759 -2.11666,-0.52917 z m 4.67263,0.0882 c 0.0847,-0.25708 0.90612,-0.48544 1.96968,-0.54761 1.45956,-0.0853 1.82435,0.003 1.82435,0.44098 0,0.42956 -0.42456,0.5476 -1.96967,0.5476 -1.41806,0 -1.92898,-0.1235 -1.82436,-0.44097 z m 4.49959,-0.0882 c 0,-0.41157 0.47037,-0.52916 2.11667,-0.52916 1.64629,0 2.11666,0.11759 2.11666,0.52916 0,0.41158 -0.47037,0.52917 -2.11666,0.52917 -1.6463,0 -2.11667,-0.11759 -2.11667,-0.52917 z m 38.80626,-0.0555 c -4.2e-4,-0.24524 0.77444,-0.45659 1.94005,-0.52917 1.06742,-0.0665 1.94054,0.008 1.94028,0.16456 -2.7e-4,0.15697 0.14733,0.19405 0.328,0.0824 0.45746,-0.28272 3.88052,-0.33333 4.15246,-0.0614 0.5526,0.5526 -0.59652,0.75192 -4.33491,0.75192 -2.81289,0 -4.02539,-0.12298 -4.02588,-0.40832 z m 10.84721,0.30252 c -1.11566,-0.0582 -2.02847,-0.2452 -2.02847,-0.41559 0,-0.50152 3.87179,-0.8632 4.33047,-0.40452 0.65464,0.65463 -0.12811,0.9335 -2.302,0.82011 z m 16.09775,-0.13835 c -0.38338,-0.62031 0.33893,-0.99057 1.93243,-0.99057 0.91989,0 1.86303,0.1905 2.09586,0.42333 0.2945,0.2945 0.42334,0.30336 0.42334,0.0291 0,-0.26818 1.35334,-0.39613 4.23335,-0.40023 3.44467,-0.005 4.23335,0.0883 4.23335,0.50004 0,0.56284 0.0204,0.56109 -7.694,0.65915 -2.7765,0.0353 -5.12744,-0.0641 -5.22433,-0.22086 z M 308.05076,188.5627 c -1.79166,-0.0928 -2.38125,-0.25044 -2.38125,-0.63646 0,-0.40612 0.58818,-0.51305 2.82223,-0.51305 2.58703,0 2.82222,0.0588 2.82222,0.70556 0,0.38805 -0.19844,0.67446 -0.44097,0.63646 -0.24254,-0.038 -1.51254,-0.12463 -2.82223,-0.19251 z M 9.1198867,187.22445 c -2.58002,-2.87922 -1.1991,-9.33626 1.9966803,-9.33626 0.69928,0 0.29883,0.9621 -0.5641,1.35528 -2.6333003,1.19981 -2.4632703,6.94323 0.23338,7.88328 1.13937,0.39719 1.20333,1.12097 0.1101,1.24579 -0.39481,0.0451 -1.1365303,-0.43439 -1.7760603,-1.14809 z m 16.4439703,0.70918 c 0,-0.29585 0.38722,-0.68512 0.86049,-0.86506 1.06681,-0.4056 1.59121,-1.34934 1.77471,-3.19387 0.18241,-1.83354 -0.55687,-3.57261 -1.99824,-4.70066 -0.93871,-0.73465 -1.04062,-0.93569 -0.5665,-1.11762 0.88689,-0.34034 2.27711,0.77699 2.89824,2.32933 0.64996,1.62442 0.73469,4.61618 0.16222,5.72772 -1.00686,1.95493 -3.13092,3.18976 -3.13092,1.82016 z m 47.82609,0.22509 c -0.21586,-0.34927 0.35053,-0.87066 1.32389,-1.21871 0.35367,-0.12647 0.9093,-0.86387 1.23472,-1.63868 0.64637,-1.53894 1.12085,-1.82984 1.12085,-0.68717 0,2.0896 -2.86997,4.85435 -3.67946,3.54456 z m 26.845313,0.0776 c -0.448053,-0.44805 -0.23085,-0.84025 0.70028,-1.2645 1.31186,-0.59772 2.20887,-2.73605 1.88673,-4.49768 -0.30931,-1.6915 -1.25468,-3.20001 -2.15257,-3.43481 -0.716983,-0.1875 -0.875333,-0.6296 -0.34328,-0.95843 0.68215,-0.42159 2.0626,0.63652 2.79371,2.14136 1.21578,2.50243 0.93841,4.93414 -0.80014,7.0148 -1.00088,1.19784 -1.59931,1.48468 -2.08473,0.99926 z m 24.45926,-0.29398 c 0,-0.41157 0.47037,-0.52917 2.11667,-0.52917 1.64629,0 2.11666,0.1176 2.11666,0.52917 0,0.41157 -0.47037,0.52917 -2.11666,0.52917 -1.6463,0 -2.11667,-0.1176 -2.11667,-0.52917 z m 4.93889,-0.0193 c 0,-0.43322 0.34639,-0.5259 1.64812,-0.44097 2.35364,0.15355 2.47628,0.98947 0.14517,0.98947 -1.38694,0 -1.79329,-0.12429 -1.79329,-0.5485 z m 3.88056,0.0193 c 0,-0.41157 0.47037,-0.52917 2.11666,-0.52917 1.6463,0 2.11667,0.1176 2.11667,0.52917 0,0.41157 -0.47037,0.52917 -2.11667,0.52917 -1.64629,0 -2.11666,-0.1176 -2.11666,-0.52917 z m 28.57499,0 c 0,-0.41157 0.47037,-0.52917 2.11667,-0.52917 1.6463,0 2.11667,0.1176 2.11667,0.52917 0,0.41157 -0.47037,0.52917 -2.11667,0.52917 -1.6463,0 -2.11667,-0.1176 -2.11667,-0.52917 z m 4.93889,0 c 0,-0.39982 0.43118,-0.52917 1.76389,-0.52917 1.33272,0 1.76389,0.12935 1.76389,0.52917 0,0.39981 -0.43117,0.52917 -1.76389,0.52917 -1.33271,0 -1.76389,-0.12936 -1.76389,-0.52917 z m 4.23334,0 c 0,-0.40623 0.45077,-0.52917 1.94027,-0.52917 1.48951,0 1.94028,0.12294 1.94028,0.52917 0,0.40623 -0.45077,0.52917 -1.94028,0.52917 -1.4895,0 -1.94027,-0.12294 -1.94027,-0.52917 z m 4.58611,0 c 0,-0.39982 0.43117,-0.52917 1.76389,-0.52917 1.33271,0 1.76388,0.12935 1.76388,0.52917 0,0.39981 -0.43117,0.52917 -1.76388,0.52917 -1.33272,0 -1.76389,-0.12936 -1.76389,-0.52917 z m 4.23333,0 c 0,-0.40623 0.45077,-0.52917 1.94028,-0.52917 1.4895,0 1.94028,0.12294 1.94028,0.52917 0,0.40623 -0.45078,0.52917 -1.94028,0.52917 -1.48951,0 -1.94028,-0.12294 -1.94028,-0.52917 z m 4.23333,0 c 0,-0.40623 0.45077,-0.52917 1.94028,-0.52917 1.48951,0 1.94028,0.12294 1.94028,0.52917 0,0.40623 -0.45077,0.52917 -1.94028,0.52917 -1.48951,0 -1.94028,-0.12294 -1.94028,-0.52917 z m 25.83945,0.0882 c 0.0877,-0.26578 0.94027,-0.483 2.14606,-0.54677 1.61727,-0.0855 2.0006,-0.001 2.0006,0.44097 0,0.43393 -0.44292,0.54678 -2.14606,0.54678 -1.55925,0 -2.10629,-0.12058 -2.0006,-0.44098 z m 4.85222,-0.0882 c 0,-0.40623 0.45077,-0.52917 1.94028,-0.52917 1.4895,0 1.94027,0.12294 1.94027,0.52917 0,0.40623 -0.45077,0.52917 -1.94027,0.52917 -1.48951,0 -1.94028,-0.12294 -1.94028,-0.52917 z m 4.58611,0 c 0,-0.40623 0.45077,-0.52917 1.94028,-0.52917 1.4895,0 1.94027,0.12294 1.94027,0.52917 0,0.40623 -0.45077,0.52917 -1.94027,0.52917 -1.48951,0 -1.94028,-0.12294 -1.94028,-0.52917 z m 4.58611,0 c 0,-0.41157 0.47037,-0.52917 2.11667,-0.52917 1.88148,0 2.11666,-0.0784 2.11666,-0.70555 0,-0.38806 0.15257,-0.70556 0.33904,-0.70556 0.18647,0 0.66272,-0.34743 1.05833,-0.77207 1.27276,-1.36615 0.77321,-6.55776 -0.70725,-7.35008 -0.87145,-0.46638 -0.89326,-1.05007 -0.0392,-1.05007 1.37958,0 2.12194,1.73984 2.3485,5.50409 0.12432,2.06549 -0.8911,4.31367 -2.21237,4.89831 -0.43286,0.19153 -0.78701,0.54872 -0.78701,0.79375 0,0.30933 -0.64701,0.44552 -2.11666,0.44552 -1.6463,0 -2.11667,-0.1176 -2.11667,-0.52917 z m 26.10555,0 c 0,-0.41051 0.46618,-0.52917 2.07893,-0.52917 1.5225,0 2.13327,0.14164 2.28198,0.52917 0.1676,0.43676 -0.19543,0.52917 -2.07892,0.52917 -1.79325,0 -2.28199,-0.11334 -2.28199,-0.52917 z m 4.93889,0 c 0,-0.41157 0.47037,-0.52917 2.11667,-0.52917 1.6463,0 2.11667,0.1176 2.11667,0.52917 0,0.41157 -0.47037,0.52917 -2.11667,0.52917 -1.6463,0 -2.11667,-0.1176 -2.11667,-0.52917 z m 4.93889,0 c 0,-0.40623 0.45077,-0.52917 1.94028,-0.52917 1.48951,0 1.94028,0.12294 1.94028,0.52917 0,0.40623 -0.45077,0.52917 -1.94028,0.52917 -1.48951,0 -1.94028,-0.12294 -1.94028,-0.52917 z m 40.56945,-0.0168 c 0,-0.44518 0.40199,-0.52661 2.17686,-0.44098 1.34787,0.065 2.2323,0.27296 2.32245,0.546 0.1066,0.32287 -0.47643,0.44098 -2.17686,0.44098 -1.86104,0 -2.32245,-0.10848 -2.32245,-0.546 z m 33.1611,0.0168 c 0,-0.41157 0.47038,-0.52917 2.11667,-0.52917 1.6463,0 2.11667,0.1176 2.11667,0.52917 0,0.41157 -0.47037,0.52917 -2.11667,0.52917 -1.64629,0 -2.11667,-0.1176 -2.11667,-0.52917 z m 4.93889,0 c 0,-0.41157 0.47037,-0.52917 2.11667,-0.52917 1.6463,0 2.11667,0.1176 2.11667,0.52917 0,0.41157 -0.47037,0.52917 -2.11667,0.52917 -1.6463,0 -2.11667,-0.1176 -2.11667,-0.52917 z m 14.6891,0 c -0.1117,-0.29104 -0.4294,-0.52917 -0.706,-0.52917 -0.7915,0 -2.6942,-1.96845 -2.6942,-2.78737 0,-1.01119 0.6493,-0.93425 1.0519,0.12464 0.1809,0.47578 0.7976,1.10744 1.3705,1.40369 0.5729,0.29625 1.0991,0.7111 1.1694,0.92189 0.082,0.24692 1.5367,0.37691 4.0888,0.36542 3.2762,-0.0147 3.9611,0.0728 3.9611,0.50612 0,0.77967 -7.9422,0.77464 -8.2415,-0.005 z m 19.1776,0 c 0,-0.33736 -0.3517,-0.53624 -0.9702,-0.54869 -1.1592,-0.0233 -2.6458,-1.70893 -2.6458,-2.99994 0,-0.4736 -0.1284,-0.86109 -0.2853,-0.86109 -0.3737,0 -0.1082,-1.56203 0.5846,-3.44018 0.541,-1.46673 1.6127,-2.55704 2.5132,-2.55704 0.7362,0 0.5119,0.99134 -0.2812,1.24307 -0.7888,0.25036 -2.0903,2.86671 -2.0903,4.20206 0,1.14273 1.4711,3.17764 2.3933,3.31065 0.4299,0.062 0.7817,0.33982 0.7817,0.61736 0,0.37649 0.4927,0.50463 1.9403,0.50463 1.4895,0 1.9402,0.12294 1.9402,0.52917 0,0.40623 -0.4507,0.52917 -1.9402,0.52917 -1.4896,0 -1.9403,-0.12294 -1.9403,-0.52917 z m 4.5861,0 c 0,-0.40623 0.4508,-0.52917 1.9403,-0.52917 1.4895,0 1.9402,0.12294 1.9402,0.52917 0,0.40623 -0.4507,0.52917 -1.9402,0.52917 -1.4895,0 -1.9403,-0.12294 -1.9403,-0.52917 z m -526.69722,-0.51542 c 0,-0.69119 1.25934,-2.13041 1.86414,-2.13041 0.176,0 0.7933,-0.33702 1.37177,-0.74893 0.78308,-0.5576 1.15383,-0.64689 1.45121,-0.34951 0.29738,0.29738 0.2003,0.53889 -0.37996,0.94532 -0.42866,0.30025 -0.77938,0.8544 -0.77938,1.23145 0,0.74683 -0.3665,0.8835 -0.91047,0.33953 -0.22619,-0.22618 -0.67293,-0.0429 -1.28988,0.52917 -1.139,1.05613 -1.32743,1.08216 -1.32743,0.18338 z m 123.119317,-0.57635 c -0.87312,-0.69371 -1.6499,-1.32344 -1.72618,-1.39938 -0.0763,-0.0759 0.11688,-0.23614 0.42923,-0.35601 0.57183,-0.21943 3.7664,2.0819 3.7664,2.71327 0,0.62876 -0.92317,0.27068 -2.46945,-0.95788 z m 83.52728,0.57456 c -0.48498,-0.38148 -1.0816,-1.17603 -1.32584,-1.76567 -0.53347,-1.28792 -0.336,-4.3508 0.37572,-5.8278 0.59846,-1.24193 2.31187,-2.21501 2.8872,-1.63969 0.26553,0.26554 0.10532,0.47828 -0.54696,0.72627 -2.76545,1.05142 -2.94077,7.37493 -0.22103,7.97229 1.12882,0.24793 1.42465,1.2282 0.37065,1.2282 -0.36188,0 -1.05477,-0.31212 -1.53974,-0.6936 z m 27.03074,0.2855 c -1.81904,-0.88173 -2.45262,-4.7729 -1.2183,-7.48237 0.60942,-1.33777 1.83455,-2.34009 2.86026,-2.34009 0.6929,0 0.30019,0.70605 -0.67247,1.20903 -1.23209,0.63713 -1.82534,1.97397 -1.87031,4.21459 -0.0386,1.92082 0.86964,3.49899 2.1206,3.68495 0.90318,0.13426 1.03136,1.13255 0.141,1.09811 -0.33955,-0.0131 -0.9519,-0.18603 -1.36078,-0.38422 z m 75.151113,-1.09282 c -1.15142,-1.0552 -1.31968,-1.42592 -1.44936,-3.19327 -0.23787,-3.24197 1.3089,-5.88914 3.44108,-5.88914 0.62897,0 0.32638,0.97694 -0.35802,1.15591 -1.04011,0.272 -2.13156,2.33456 -2.13307,4.03096 -0.002,2.07616 0.62979,3.28254 1.84603,3.52579 0.65533,0.13106 0.9716,0.39096 0.90341,0.74235 -0.18756,0.9665 -0.92148,0.84496 -2.25007,-0.3726 z m 48.71181,0.72397 c -1.97708,-0.91609 -2.75812,-4.12402 -1.71222,-7.03256 0.60871,-1.69278 2.1986,-3.05994 2.98979,-2.57095 0.51584,0.3188 0.35221,0.6696 -0.48345,1.03639 -2.61022,1.1457 -2.48926,7.58018 0.1425,7.58018 0.72993,0 0.89298,0.89198 0.20991,1.14835 -0.24253,0.091 -0.75847,0.0184 -1.14653,-0.16141 z m 135.72467,-0.0168 c 0.0772,-0.24254 0.48705,-0.59756 0.91072,-0.78894 1.19931,-0.54177 1.80367,-2.19829 1.50297,-4.11945 -0.30032,-1.91856 -1.12238,-3.32269 -2.13313,-3.64349 -0.39323,-0.1248 -0.71496,-0.3656 -0.71496,-0.5351 0,-0.58927 0.65826,-0.70903 1.5825,-0.28792 1.24569,0.56758 2.29809,2.96424 2.29809,5.2336 0,1.9617 -0.3994,2.97579 -1.55113,3.93857 -0.85995,0.71887 -2.10171,0.85171 -1.89506,0.20273 z m 18.68149,-0.17639 c 0.065,-0.33955 0.4759,-0.66843 0.9136,-0.73084 0.502,-0.0716 1.038,-0.59263 1.4517,-1.41111 0.5856,-1.15853 0.6074,-1.48634 0.2037,-3.05805 -0.3113,-1.212 -0.8044,-2.05446 -1.5827,-2.70427 -1.3656,-1.14004 -1.1534,-1.88133 0.3271,-1.14274 1.3005,0.64876 2.1485,2.72072 2.1485,5.24951 0,1.6455 -0.157,2.09963 -1.0949,3.16786 -1.1714,1.33412 -2.5722,1.70677 -2.367,0.62964 z m 19.5133,0.26458 c -0.2937,-0.47525 0.102,-1.05833 0.7182,-1.05833 0.8257,0 1.6929,-1.7036 1.6339,-3.20969 -0.068,-1.74073 -1.2257,-4.0735 -2.1698,-4.37315 -0.3913,-0.1242 -0.7115,-0.34741 -0.7115,-0.49603 0,-1.29262 2.2268,0.0822 3.1601,1.95113 0.672,1.34542 0.7526,2.3807 0.4032,5.17749 -0.045,0.35689 -2.22,2.36136 -2.5627,2.36136 -0.1394,0 -0.3515,-0.15875 -0.4714,-0.35278 z m -259.31067,-0.38349 c -0.33339,-0.53943 0.39013,-1.16373 1.05361,-0.90912 0.30409,0.11668 0.55288,0.45526 0.55288,0.75239 0,0.61655 -1.24712,0.73821 -1.60649,0.15673 z m 15.36483,-0.32204 c 0,-0.47037 0.23518,-0.70556 0.70555,-0.70556 0.47037,0 0.70556,0.23519 0.70556,0.70556 0,0.47037 -0.23519,0.70555 -0.70556,0.70555 -0.47037,0 -0.70555,-0.23518 -0.70555,-0.70555 z m 51.32071,0.3391 c -0.36402,-0.58899 0.65061,-1.46731 1.37425,-1.18962 0.33501,0.12856 0.56001,0.49158 0.5,0.80671 -0.12972,0.68114 -1.51502,0.96416 -1.87425,0.38291 z m 58.39317,0.002 c -0.46017,-0.30791 -0.4442,-0.41904 0.12248,-0.85231 0.80844,-0.61811 1.64141,-0.33931 1.64141,0.54938 0,0.73164 -0.89378,0.88514 -1.76389,0.30293 z m 16.64649,-0.25248 c 0.0647,-0.33955 0.47323,-0.66809 0.90781,-0.73009 0.60012,-0.0856 0.79014,0.0628 0.79014,0.61736 0,0.54913 -0.22501,0.73009 -0.90781,0.73009 -0.67422,0 -0.87753,-0.15885 -0.79014,-0.61736 z m 33.9562,0.23073 c -0.13143,-0.21264 -0.0145,-0.61107 0.25981,-0.88539 0.42168,-0.42168 0.60003,-0.42472 1.15397,-0.0197 0.36037,0.26351 0.54221,0.66194 0.4041,0.8854 -0.31876,0.51577 -1.50335,0.52858 -1.81788,0.0197 z m 13.6645,-0.20208 c 0.14955,-0.77653 1.52586,-0.88192 1.52586,-0.11684 0,0.29104 -0.37131,0.58174 -0.82513,0.64601 -0.63988,0.0906 -0.7972,-0.0282 -0.70073,-0.52917 z m 18.52621,-0.39967 c -1.92812,-2.01252 -1.36502,-7.23293 0.9069,-8.40779 0.9245,-0.47807 1.67192,-0.40605 1.67192,0.16112 0,0.13656 -0.35702,0.40501 -0.79338,0.59654 -1.85465,0.81406 -2.65644,4.92328 -1.29768,6.65066 0.40214,0.51124 0.93832,0.92952 1.19152,0.92952 0.25321,0 0.658,0.23812 0.89954,0.52917 0.37341,0.44993 0.28411,0.52916 -0.59636,0.52916 -0.67379,0 -1.36631,-0.34526 -1.98246,-0.98838 z m -189.16507,0.26798 c -0.26667,-0.43148 2.64795,-3.55893 3.0723,-3.29667 0.55599,0.34362 0.27106,1.03016 -0.97174,2.34138 -1.30955,1.38166 -1.72132,1.56892 -2.10056,0.95529 z m 126.83278,-0.0329 c 0,-0.22029 0.35719,-0.74646 0.79375,-1.16927 0.43656,-0.42281 0.96264,-1.06465 1.16905,-1.42631 0.24902,-0.43631 0.58382,-0.57755 0.99501,-0.41977 0.54374,0.20866 0.4601,0.4326 -0.68238,1.82684 -1.23962,1.51279 -2.27543,2.05381 -2.27543,1.18851 z m 47.33994,-0.0471 c -0.51124,-0.616 2.1203,-3.26368 2.93359,-2.95159 0.4683,0.1797 0.33547,0.49468 -0.76266,1.80838 -1.4429,1.72617 -1.61284,1.81567 -2.17093,1.14321 z m -433.08889,-0.23642 c -0.21173,-0.34257 2.64588,-2.49138 3.31317,-2.49138 0.20758,0 0.37741,-0.13162 0.37741,-0.29248 0,-0.43631 3.48403,-1.98551 3.78605,-1.6835 0.3156,0.31561 -1.09835,1.43906 -2.55134,2.02714 -0.58207,0.2356 -1.65409,0.95546 -2.38224,1.59971 -1.33152,1.17807 -2.16432,1.45332 -2.54305,0.84051 z m 236.24847,-0.97328 c -1.14344,-1.2846 -1.14919,-1.30855 -0.47655,-1.98119 0.71674,-0.71674 1.55343,-0.54994 1.24701,0.2486 -0.0989,0.25766 0.22556,0.95018 0.72096,1.53893 1.0644,1.26497 1.10862,1.49842 0.28337,1.49587 -0.33955,-10e-4 -1.1382,-0.58704 -1.77479,-1.30221 z m 125.37055,0.007 c -1.08139,-1.00482 -1.29975,-1.39907 -1.02052,-1.84254 0.51356,-0.81561 1.51434,-0.92689 1.51434,-0.16838 0,0.34316 0.41422,1.05628 0.92048,1.5847 0.50627,0.52843 0.8144,1.13243 0.68474,1.34222 -0.3579,0.57909 -0.60702,0.47038 -2.09904,-0.916 z m 50.31713,-0.1041 c -1.1226,-1.35212 -1.13407,-1.39901 -0.43369,-1.77385 0.76834,-0.4112 1.41038,-0.21115 1.41038,0.43945 0,0.21858 0.33413,0.75309 0.74251,1.18779 0.73595,0.78338 0.66298,1.55404 -0.14597,1.5418 -0.23108,-0.004 -0.93904,-0.63134 -1.57323,-1.39519 z m -101.67049,0.6078 c 0.0191,-0.75752 1.68388,-2.38125 2.44137,-2.38125 1.00716,0 0.90587,0.3894 -0.44084,1.69468 -1.20674,1.16962 -2.0198,1.44865 -2.00053,0.68657 z m -223.319593,-1.75627 c -0.67909,-0.42583 -1.31409,-0.85998 -1.41111,-0.96476 -0.097,-0.10478 -0.57326,-0.39882 -1.05833,-0.65341 -1.58116,-0.82987 -3.63748,-2.77724 -3.37725,-3.1983 0.16558,-0.26791 0.94831,0.1447 2.32238,1.22423 1.13994,0.89559 2.90938,2.07092 3.93208,2.61184 1.0227,0.54092 1.91819,1.15967 1.98997,1.37501 0.21508,0.64525 -1.07909,0.43226 -2.39774,-0.39461 z m -127.823027,0.19817 c -0.37348,-0.37349 -0.27349,-0.82315 0.18305,-0.82315 0.23003,0 0.77758,-0.33759 1.21677,-0.75019 0.83418,-0.78367 2.01623,-0.68758 1.69937,0.13814 -0.1904,0.49619 -1.97327,1.67038 -2.53626,1.67038 -0.18026,0 -0.43358,-0.10583 -0.56293,-0.23518 z m 27.06019,-0.98935 c -0.23869,-0.62201 0.58944,-3.64607 1.51954,-5.54891 0.40844,-0.83561 0.3898,-0.99869 -0.15172,-1.32771 -0.57231,-0.34772 -0.55867,-0.4198 0.1868,-0.98767 0.44228,-0.33691 1.39478,-1.12482 2.11666,-1.75091 1.28014,-1.11026 2.19446,-1.46421 2.19446,-0.84951 0,0.57531 -1.42279,2.11391 -2.66439,2.88126 -0.96459,0.59615 -1.15466,0.8723 -0.85168,1.23737 0.26387,0.31794 0.27782,0.67961 0.0431,1.11811 -0.19078,0.35649 -0.61097,1.67632 -0.93376,2.93297 -0.6598,2.56871 -1.09271,3.24966 -1.45905,2.295 z m 87.327887,0.37256 c -0.0809,-0.0805 -0.0575,-1.78709 0.0519,-3.79236 0.19312,-3.53924 0.0614,-4.3391 -1.03602,-6.29178 -1.22825,-2.18544 -1.4438,-2.7881 -1.07805,-3.01415 0.45152,-0.27906 0.94692,0.14658 1.52327,1.30876 0.31473,0.63462 0.75028,0.84832 1.89942,0.93192 1.91672,0.13945 2.13338,1.12625 0.24728,1.12625 -1.24114,0 -1.24274,0.002 -0.75098,0.97014 0.27104,0.53357 0.4471,1.36701 0.39123,1.85208 -0.0559,0.48507 -0.1148,2.27101 -0.13096,3.96875 -0.0221,2.32245 -0.14587,3.08681 -0.49977,3.08681 -0.25871,0 -0.53652,-0.0659 -0.61736,-0.14642 z m 31.60309,-1.1425 c -0.29109,-0.69668 -0.52926,-1.52796 -0.52926,-1.84728 0,-0.31931 -0.39687,-1.16463 -0.88194,-1.87847 -1.05057,-1.54605 -1.07181,-1.68811 -0.25245,-1.68811 0.64159,0 1.83995,1.65266 1.83995,2.53748 0,0.26858 0.3175,1.11109 0.70555,1.87224 0.84547,1.65833 0.85809,1.80626 0.17649,2.06782 -0.36589,0.1404 -0.69232,-0.18768 -1.05834,-1.06368 z m -58.51198,0.69136 c -0.43611,-0.43611 -0.21969,-1.51911 0.30357,-1.51911 0.29104,0 0.52917,0.30813 0.52917,0.68473 0,0.73633 -0.46494,1.20218 -0.83274,0.83438 z m 147.23551,-0.4177 c 0,-1.23595 -1.07393,-3.24031 -1.95003,-3.63949 -0.86606,-0.3946 -1.21642,-1.34248 -0.49622,-1.34248 0.89122,0 1.84716,0.86488 2.46849,2.23333 0.72241,1.59107 0.89877,3.41112 0.33054,3.41112 -0.19403,0 -0.35278,-0.29812 -0.35278,-0.66248 z m 273.401163,0.0745 c -0.01,-2.35692 2.6214,-6.10564 3.5965,-5.13059 0.4454,0.44542 0.077,1.13245 -0.6079,1.13245 -0.5656,0 -1.587,1.77947 -1.9084,3.32501 -0.2404,1.15547 -1.0775,1.67715 -1.0802,0.67313 z m -234.05833,-0.55856 c -2.76679,-3.96344 -3.18396,-4.85069 -2.28068,-4.85069 0.3918,0 3.83278,5.20146 3.59698,5.43727 -0.38121,0.3812 -0.75789,0.21335 -1.3163,-0.58658 z m 29.26809,0.43375 c -0.12237,-0.198 0.18193,-0.84063 0.67623,-1.42807 0.4943,-0.58744 1.16569,-1.63065 1.49197,-2.31823 0.58024,-1.22277 1.35805,-1.83812 1.78444,-1.41173 0.11747,0.11747 -0.18464,0.81177 -0.67136,1.54289 -0.48671,0.73112 -1.23762,1.92462 -1.66868,2.65222 -0.80077,1.35167 -1.21827,1.60097 -1.6126,0.96292 z m 51.15931,0.0106 c -0.12269,-0.19852 0.0837,-0.79642 0.45872,-1.32867 0.37499,-0.53225 1.02325,-1.64242 1.44059,-2.46704 0.41733,-0.82462 0.99369,-1.4993 1.28079,-1.4993 0.72976,0 0.69514,0.10959 -0.89444,2.83133 -1.50969,2.58495 -1.93043,3.03846 -2.28566,2.46368 z m 75.80296,-0.16248 c -0.10804,-0.28154 0.1828,-1.03561 0.64633,-1.67569 0.46352,-0.64008 1.07026,-1.61958 1.34831,-2.17665 0.48654,-0.97476 1.24854,-1.54818 1.59584,-1.20088 0.17405,0.17405 -2.96096,5.56513 -3.23622,5.56513 -0.0868,0 -0.24622,-0.23036 -0.35426,-0.51191 z m 19.90026,-0.0971 c -1.41342,-1.60475 -3.08287,-4.65228 -2.6837,-4.89898 0.43617,-0.26957 0.59206,-0.0896 2.60403,3.00681 1.18912,1.83004 1.24757,3.21819 0.0797,1.89217 z m 27.52529,0.23691 c -0.2461,-0.73831 3.22974,-5.77672 3.67678,-5.32968 0.38446,0.38446 -0.9051,2.74409 -2.59071,4.74052 -0.66081,0.78265 -0.96632,0.94839 -1.08607,0.58916 z m -78.94954,-2.43738 c -1.5918,-2.72553 -1.6264,-2.83494 -0.89655,-2.83494 0.2871,0 0.86346,0.67468 1.28079,1.4993 0.41734,0.82462 1.05456,1.91927 1.41604,2.43256 0.55748,0.79159 0.57839,0.96352 0.13775,1.13261 -0.363,0.13929 -0.94682,-0.53233 -1.93803,-2.22953 z m -378.66516,1.85917 c -0.12407,-0.12408 -0.22559,-0.574 -0.22559,-0.99982 0,-0.63562 -0.1579,-0.74405 -0.88195,-0.60564 -1.24143,0.23732 -1.10101,-0.47382 0.18187,-0.92104 0.5851,-0.20396 1.02166,-0.55684 0.97014,-0.78416 -0.16785,-0.74061 0.69294,-0.72776 0.88672,0.0132 0.10355,0.39599 0.44126,0.71998 0.75047,0.71998 0.80106,0 0.69668,0.5881 -0.14336,0.80777 -0.41392,0.10825 -0.70556,0.4812 -0.70556,0.90227 0,0.76407 -0.45849,1.24165 -0.83274,0.86741 z m -15.5958,-0.853 c -0.3026,-0.48961 0.47426,-1.00635 1.52368,-1.01349 0.97389,-0.007 1.03317,0.54719 0.11139,1.04052 -0.87711,0.46941 -1.33291,0.46188 -1.63507,-0.027 z m 2.67021,-1.3804 c 0,-0.19883 0.38023,-0.50607 0.84495,-0.68276 0.46472,-0.17669 0.91175,-0.52166 0.99339,-0.7666 0.20268,-0.60802 4.22287,-0.64301 4.42437,-0.0385 0.10125,0.30376 -0.32305,0.43974 -1.38262,0.44307 -2.03765,0.006 -3.1162,0.32425 -3.1162,0.91828 0,0.28537 -0.36623,0.48802 -0.88195,0.48802 -0.48507,0 -0.88194,-0.16268 -0.88194,-0.36151 z m 44.80269,-0.52044 c 0.24154,-0.29104 0.67729,-0.52916 0.96832,-0.52916 0.43037,0 0.44718,0.0988 0.09,0.52916 -0.24153,0.29105 -0.67729,0.52917 -0.96833,0.52917 -0.43037,0 -0.44717,-0.0988 -0.09,-0.52917 z m -38.09991,-0.88194 c 0,-0.19403 0.87312,-0.35278 1.94028,-0.35278 1.06715,0 1.94027,0.15875 1.94027,0.35278 0,0.19403 -0.87312,0.35278 -1.94027,0.35278 -1.06716,0 -1.94028,-0.15875 -1.94028,-0.35278 z m 73.377657,-4.58611 c 0,-2.14803 0.1122,-2.84362 0.44097,-2.73403 0.29933,0.0998 0.44098,0.97798 0.44098,2.73403 0,1.75605 -0.14165,2.63425 -0.44098,2.73403 -0.32877,0.10959 -0.44097,-0.58601 -0.44097,-2.73403 z m 97.2149,2.50928 c -0.11029,-0.17845 -0.19012,-2.40354 -0.1774,-4.94464 0.0188,-3.76605 0.11663,-4.6202 0.52892,-4.6202 0.41413,0 0.5058,0.8594 0.5058,4.74168 0,4.25173 -0.27038,5.77285 -0.85732,4.82316 z m 85.778303,-0.83359 c -0.50767,-1.03485 -1.66532,-4.5142 -1.66532,-5.00517 0,-0.10907 0.23201,-0.1983 0.51557,-0.1983 0.31276,0 0.66254,0.58978 0.88919,1.49931 0.20549,0.82461 0.67782,2.15757 1.04962,2.96212 0.62209,1.34616 0.62549,1.88857 0.0118,1.88857 -0.13113,0 -0.49153,-0.51594 -0.80088,-1.14653 z m 36.64959,0.85608 c -0.12292,-0.19889 0.17531,-1.11168 0.66274,-2.02841 0.48743,-0.91673 0.88624,-2.00967 0.88624,-2.42876 0,-0.90742 0.8636,-2.20286 1.15462,-1.73199 0.11219,0.18153 -0.10133,1.43111 -0.47449,2.77684 -0.67184,2.42288 -1.78627,4.12885 -2.22911,3.41232 z m 50.34231,0.04 c -0.27789,-0.0971 -0.0852,-0.67323 0.57184,-1.7092 0.54505,-0.85947 1.09129,-2.18977 1.21385,-2.95624 0.23488,-1.46888 0.76627,-2.08822 1.31815,-1.53635 0.20499,0.205 0.14815,0.78841 -0.14996,1.53913 -0.26405,0.66494 -0.75173,1.94905 -1.08373,2.85357 -0.60025,1.63537 -1.06929,2.0891 -1.87015,1.80909 z m 39.25083,-0.64111 c -0.69141,-1.05523 -2.09756,-5.44482 -1.82992,-5.71246 0.49027,-0.49027 1.21662,0.35627 1.595,1.85893 0.23058,0.91572 0.72228,2.25896 1.09266,2.98497 0.93632,1.83534 0.23863,2.54183 -0.85774,0.86856 z m 36.88592,0.57518 c -0.39439,-0.24985 -0.35214,-0.49022 0.23159,-1.31751 0.39269,-0.55655 0.90342,-1.84534 1.13496,-2.86399 0.26185,-1.15205 0.60767,-1.85208 0.91494,-1.85208 0.60039,0 0.60052,0.33154 0.001,2.83688 -0.43953,1.83726 -1.21686,3.51985 -1.62051,3.50772 -0.0988,-0.003 -0.39681,-0.14293 -0.66214,-0.31102 z m 13.02761,-0.65372 c -0.75196,-1.64141 -1.7603,-5.13519 -1.57063,-5.44207 0.3968,-0.64204 0.77394,-0.20883 1.20587,1.38513 0.24975,0.92163 0.74663,2.26468 1.10419,2.98455 0.77255,1.5554 0.81489,2.04253 0.17756,2.04253 -0.2599,0 -0.67254,-0.43656 -0.91699,-0.97014 z m 34.98593,0.67583 c -0.34792,-0.22084 -0.28912,-0.59004 0.266,-1.67029 0.39195,-0.76274 0.87687,-2.06148 1.0776,-2.88609 0.23648,-0.97149 0.55976,-1.49931 0.91828,-1.49931 0.36634,0 0.4788,0.19417 0.33282,0.57459 -0.12127,0.31602 -0.39956,1.30821 -0.61843,2.20486 -0.34824,1.42666 -1.22456,3.58057 -1.45048,3.56515 -0.0435,-0.003 -0.28013,-0.13298 -0.52579,-0.28891 z m 21.08666,-2.26333 c 0.004,-4.06204 0.39665,-7.32014 0.88223,-7.32014 0.27953,0 0.41006,0.5245 0.37313,1.49931 -0.0312,0.82462 -0.0889,3.04712 -0.12817,4.93889 -0.0579,2.7905 -0.17122,3.43958 -0.60053,3.43958 -0.42195,0 -0.52866,-0.51825 -0.52666,-2.55764 z m -360.141003,0.85401 c -0.60833,-0.76808 -1.10606,-1.55799 -1.10606,-1.75536 0,-0.19737 -0.49906,-0.77878 -1.10902,-1.29202 -0.82464,-0.6939 -1.00676,-1.03543 -0.71022,-1.33197 0.51216,-0.51216 1.59548,0.47727 3.41482,3.11886 0.90612,1.31565 1.21964,2.0539 0.9758,2.29774 -0.24383,0.24383 -0.71463,-0.0894 -1.46532,-1.03725 z m 26.08372,-4.82276 c 0.0289,-3.39548 0.17147,-6.17361 0.31693,-6.17361 0.41517,0 0.70911,3.31114 0.71246,8.02569 0.003,3.65457 -0.0806,4.32153 -0.5394,4.32153 -0.46942,0 -0.53539,-0.83116 -0.48999,-6.17361 z m 47.95189,1.23472 c 0,-5.34486 0.46228,-6.59209 0.83018,-2.23983 0.40073,4.74064 0.2985,7.17872 -0.30101,7.17872 -0.44517,0 -0.52917,-0.78395 -0.52917,-4.93889 z m 15.875,2.87545 c 0,-3.72319 0.43385,-7.49331 0.84652,-7.35615 0.39617,0.13167 0.41163,0.46601 0.28464,6.1564 -0.0588,2.63306 -0.17501,3.26319 -0.60199,3.26319 -0.41006,0 -0.52917,-0.46445 -0.52917,-2.06344 z m 11.28893,-1.14096 c 0,-2.40623 0.10984,-3.16801 0.44098,-3.05833 0.29658,0.0982 0.47435,1.14748 0.5429,3.2044 0.0854,2.56188 0.0138,3.05833 -0.44097,3.05833 -0.44884,0 -0.54291,-0.5552 -0.54291,-3.2044 z m 15.545233,-1.5581 c 0.0194,-3.88946 0.11646,-4.7625 0.52957,-4.7625 0.41427,0 0.50583,0.86201 0.50583,4.7625 0,3.99977 -0.0848,4.7625 -0.52957,4.7625 -0.44593,0 -0.52583,-0.75219 -0.50583,-4.7625 z m 59.63964,-1.41111 c 0.0577,-4.0775 0.21491,-6.17356 0.46307,-6.17347 0.24678,10e-5 0.41811,2.11906 0.49919,6.17361 0.11139,5.57017 0.0661,6.17347 -0.46307,6.17347 -0.52783,0 -0.57778,-0.61779 -0.49919,-6.17361 z m 48.05649,1.35216 c 0.21412,-4.4646 0.35117,-5.41156 0.72754,-5.02693 0.27463,0.28066 0.49673,6.10365 0.30402,7.9708 -0.14004,1.35684 -0.34203,1.87758 -0.72829,1.87758 -0.46269,0 -0.50344,-0.64776 -0.30327,-4.82145 z m 123.43042,-1.44035 c 0.0596,-3.87513 0.2308,-6.26181 0.44911,-6.26181 0.21762,0 0.39686,2.39915 0.46783,6.26181 0.102,5.55145 0.051,6.2618 -0.44911,6.2618 -0.49946,0 -0.55311,-0.71815 -0.46783,-6.2618 z m 20.7363,3.88055 c 0,-3.39085 0.3998,-7.14375 0.7541,-7.14375 0.166,0 0.3018,2.14313 0.3018,4.7625 0,3.99815 -0.085,4.7625 -0.5292,4.7625 -0.4183,0 -0.5286,-0.49865 -0.5267,-2.38125 z m 10.3055,-2.26424 c 0.071,-3.33003 0.2239,-4.68694 0.54,-4.79189 0.3383,-0.11233 0.4409,0.96907 0.4409,4.64548 0,4.06703 -0.082,4.7919 -0.54,4.7919 -0.4625,0 -0.5258,-0.66678 -0.4409,-4.64549 z m 7.6837,-0.11701 c 0,-3.99815 0.085,-4.7625 0.5292,-4.7625 0.4442,0 0.5291,0.76435 0.5291,4.7625 0,3.99815 -0.085,4.7625 -0.5291,4.7625 -0.4443,0 -0.5292,-0.76435 -0.5292,-4.7625 z m 11.2914,2.38125 c 0,-3.39085 0.3997,-7.14375 0.7541,-7.14375 0.1659,0 0.3017,2.14313 0.3017,4.7625 0,3.99815 -0.085,4.7625 -0.5291,4.7625 -0.4184,0 -0.5287,-0.49865 -0.5267,-2.38125 z m -154.88527,0.0721 c -0.24887,-0.29987 -0.65456,-0.46768 -0.90153,-0.37291 -0.27766,0.10655 -0.53807,-0.23303 -0.6823,-0.88972 -0.1283,-0.58413 -0.45642,-1.14768 -0.72917,-1.25234 -0.86721,-0.33278 -0.53359,-1.02164 0.47424,-0.9792 0.7126,0.03 1.00037,0.24612 1.08401,0.81409 0.0626,0.42528 0.49919,1.02571 0.97014,1.33429 0.47094,0.30858 0.85627,0.86029 0.85627,1.22603 0,0.80637 -0.45923,0.85769 -1.07166,0.11976 z m -331.95065,-0.12768 c 0,-0.17607 0.87334,-0.37451 1.94075,-0.44097 1.38204,-0.0861 1.94062,0.006 1.94027,0.32012 -3.2e-4,0.29927 -0.62397,0.44098 -1.94076,0.44098 -1.06714,0 -1.94026,-0.14406 -1.94026,-0.32013 z m 64.292067,-0.12085 c 0.0847,-0.25707 0.90612,-0.48544 1.96967,-0.5476 1.45956,-0.0853 1.82436,0.003 1.82436,0.44097 0,0.42957 -0.42457,0.54761 -1.96968,0.54761 -1.41806,0 -1.92898,-0.1235 -1.82435,-0.44098 z m -68.525377,-0.79375 c 0,-0.39981 0.43117,-0.52916 1.76387,-0.52916 1.33272,0 1.76389,0.12935 1.76389,0.52916 0,0.39982 -0.43117,0.52917 -1.76389,0.52917 -1.3327,0 -1.76387,-0.12935 -1.76387,-0.52917 z m 73.377737,0 c 0,-0.39197 0.41157,-0.52916 1.5875,-0.52916 1.17592,0 1.5875,0.13719 1.5875,0.52916 0,0.39198 -0.41158,0.52917 -1.5875,0.52917 -1.17593,0 -1.5875,-0.13719 -1.5875,-0.52917 z m -76.199947,-0.36151 c 0,-0.29584 -0.41413,-0.69535 -0.92028,-0.88779 -0.73027,-0.27765 -0.83685,-0.45042 -0.51619,-0.83679 0.52424,-0.63167 1.63741,-0.32673 2.70518,0.74105 1.12423,1.12423 1.0693,1.52143 -0.21038,1.52143 -0.71319,0 -1.05833,-0.17542 -1.05833,-0.5379 z m 81.050637,0.29841 c -0.75937,-0.20298 -0.82313,-1.17162 -0.0771,-1.17162 0.29713,0 0.63162,-0.23812 0.7433,-0.52917 0.25772,-0.6716 1.89146,-0.7042 1.89146,-0.0377 0,0.27028 -0.2396,0.58337 -0.53244,0.69574 -0.29284,0.11237 -0.49127,0.39774 -0.44097,0.63415 0.10106,0.47491 -0.63042,0.66358 -1.58422,0.40864 z m -94.103357,-1.33895 c 0,-0.76277 2.1245,-1.80192 2.48649,-1.21621 0.17315,0.28016 -0.0296,0.68743 -0.54343,1.09161 -0.98822,0.77733 -1.94306,0.83856 -1.94306,0.1246 z m 8.34905,-1.12619 c -0.51374,-0.51374 -0.18663,-0.86426 0.70774,-0.75838 1.21497,0.14383 1.53994,0.99357 0.37998,0.99357 -0.46889,0 -0.95837,-0.10584 -1.08772,-0.23519 z m 89.017497,-0.0677 c 0,-0.5096 3.11048,-1.91407 3.72059,-1.67995 0.26216,0.1006 0.97782,-0.28524 1.59034,-0.85743 0.61253,-0.57219 1.27263,-1.04034 1.4669,-1.04034 0.19427,0 0.25634,-0.25245 0.13794,-0.56099 -0.25985,-0.67715 0.81496,-2.61401 1.45057,-2.61401 0.63767,0 0.56332,0.61648 -0.20617,1.70943 -0.3626,0.51502 -0.7622,1.26848 -0.88801,1.67436 -0.38536,1.24326 -1.945,2.41302 -3.86043,2.89538 -1.00332,0.25267 -2.18141,0.54922 -2.61798,0.65902 -0.46029,0.11576 -0.79375,0.0378 -0.79375,-0.18547 z m 157.339003,-0.22633 c 0,-0.39726 0.42434,-0.52917 1.70239,-0.52917 1.31605,0 1.86647,-0.18013 2.42536,-0.79375 0.99396,-1.09127 1.51669,-2.1809 1.51669,-3.1615 0,-1.07171 1.02996,-2.56423 1.46755,-2.12664 0.43048,0.43048 -0.98447,4.75066 -1.86577,5.69662 -0.36584,0.39269 -0.90215,0.62303 -1.1918,0.51188 -0.33236,-0.12754 -0.52664,0.007 -0.52664,0.36482 0,0.44511 -0.37898,0.56691 -1.76389,0.56691 -1.33272,0 -1.76389,-0.12935 -1.76389,-0.52917 z m 47.71319,0.0986 c -0.73449,-0.35423 -0.79375,-0.61582 -0.79375,-3.5039 0,-4.66306 0.90158,-3.92684 1.14605,0.93586 l 0.0887,1.76389 2.95984,0.10326 c 3.46711,0.12095 4.15249,-0.28431 5.14018,-3.03936 1.09894,-3.06534 1.2629,-3.36432 1.63885,-2.98838 0.24011,0.24012 0.11084,1.09251 -0.39602,2.61131 -1.01541,3.0427 -1.62001,3.93371 -2.48331,3.65971 -0.48023,-0.15242 -0.68592,-0.0519 -0.68592,0.33524 0,0.45931 -0.4928,0.5489 -2.91042,0.52906 -1.60073,-0.0131 -3.26761,-0.19614 -3.70417,-0.40669 z m 77.87569,-0.0986 c 0,-0.41157 0.47037,-0.52917 2.11667,-0.52917 1.6463,0 2.11667,0.1176 2.11667,0.52917 0,0.41158 -0.47037,0.52917 -2.11667,0.52917 -1.6463,0 -2.11667,-0.11759 -2.11667,-0.52917 z m 49.74167,0.0193 c 0,-0.42421 0.40635,-0.5485 1.79329,-0.5485 2.33111,0 2.20847,0.83592 -0.14517,0.98947 -1.30173,0.0849 -1.64812,-0.008 -1.64812,-0.44097 z m -426.068,-0.71855 0.96949,-0.85332 -0.8813,-0.95094 c -0.4847,-0.52301 -0.88129,-1.11596 -0.88129,-1.31766 0,-0.20169 -0.34714,-0.73624 -0.77143,-1.18788 -0.60573,-0.64476 -0.67928,-0.91332 -0.34239,-1.25021 0.33689,-0.33689 0.61001,-0.20327 1.27144,0.62203 0.46329,0.5781 0.92481,1.45724 1.02559,1.95365 0.11553,0.56908 0.64768,1.15268 1.44027,1.57953 1.44973,0.78073 1.64938,1.57485 0.39594,1.57485 -0.47362,0 -0.95923,0.15875 -1.07915,0.35278 -0.11991,0.19403 -0.64522,0.34776 -1.16735,0.34163 l -0.9493,-0.0111 z m 72.307487,-0.54665 c -0.83149,-0.57595 -1.64549,-1.04718 -1.80889,-1.04718 -0.38709,0 -1.23828,-1.02668 -1.02665,-1.23831 0.28135,-0.28135 5.93142,2.72232 5.73097,3.04667 -0.34903,0.56473 -1.36793,0.29687 -2.89543,-0.76118 z m 175.381773,-0.0795 c -0.41533,-0.62926 -0.95195,-1.77911 -1.1925,-2.55522 -0.24056,-0.77611 -0.59805,-1.61339 -0.79445,-1.86061 -0.44305,-0.55773 -0.11031,-0.93998 0.58573,-0.67288 0.28594,0.10972 0.80489,1.10359 1.1532,2.20858 0.41155,1.30556 0.97116,2.25886 1.59813,2.7224 0.53065,0.39232 0.88231,0.84682 0.78146,1.01 -0.39682,0.64208 -1.4136,0.23554 -2.13157,-0.85227 z m 98.65096,-2.02606 c 0,-2.58703 0.098,-3.175 0.52917,-3.175 0.43117,0 0.52917,0.58797 0.52917,3.175 0,2.58704 -0.098,3.175 -0.52917,3.175 -0.43117,0 -0.52917,-0.58796 -0.52917,-3.175 z m 27.0282,2.51442 c -0.3288,-0.36332 -0.92242,-1.51426 -1.31916,-2.55764 -1.11689,-2.93734 -1.15224,-3.13178 -0.56937,-3.13178 0.52825,0 1.09416,1.08432 1.52319,2.91853 0.12585,0.53804 0.67757,1.40181 1.22604,1.91948 0.98949,0.93392 1.06244,1.51199 0.19079,1.51199 -0.24952,0 -0.72269,-0.29726 -1.05149,-0.66058 z m 49.66542,-0.30956 c -0.35522,-0.53357 -0.90486,-1.68451 -1.22143,-2.55763 -0.31657,-0.87313 -0.68831,-1.84483 -0.8261,-2.15934 -0.1586,-0.362 -0.0557,-0.6466 0.28037,-0.77557 0.3905,-0.14984 0.7224,0.30811 1.255,1.7316 0.39825,1.06443 0.7241,2.07401 0.7241,2.24351 0,0.1695 0.46744,0.70152 1.03877,1.18226 0.57132,0.48073 0.94174,0.9711 0.82315,1.08969 -0.5017,0.5017 -1.47275,0.14841 -2.07386,-0.75452 z m -373.027053,-2.38125 c 0,-2.43024 0.1003,-2.99861 0.52917,-2.99861 0.42887,0 0.52917,0.56837 0.52917,2.99861 0,2.43025 -0.1003,2.99861 -0.52917,2.99861 -0.42887,0 -0.52917,-0.56836 -0.52917,-2.99861 z m 156.00174,0.0882 c 0.13162,-3.73876 0.77394,-3.67819 0.91048,0.0858 0.0864,2.38298 0.0153,2.82456 -0.45524,2.82456 -0.47163,0 -0.54189,-0.44917 -0.45524,-2.91041 z m 174.903913,2.61913 c 0,-0.1602 0.37839,-0.64676 0.84086,-1.08122 0.46247,-0.43447 1.11224,-1.65277 1.44394,-2.70733 0.38325,-1.21844 0.79902,-1.91739 1.14057,-1.91739 0.57343,0 0.55371,0.13193 -0.41403,2.76998 -0.73581,2.00582 -1.62648,3.20238 -2.39397,3.21616 -0.33955,0.006 -0.61737,-0.11999 -0.61737,-0.2802 z m 48.92836,0.0659 c -0.12394,-0.12394 0.16719,-0.69186 0.64695,-1.26203 0.47977,-0.57017 0.97135,-1.65606 1.09241,-2.4131 0.27218,-1.70216 0.84953,-2.54038 1.47685,-2.14416 0.37186,0.23487 0.32784,0.59694 -0.22438,1.8455 -0.37784,0.85432 -0.94064,2.14861 -1.25066,2.87622 -0.52105,1.22289 -1.19256,1.64618 -1.74117,1.09757 z M 109.7566,168.64339 c -0.11194,-0.42809 -0.12183,-0.86005 -0.022,-0.95992 0.22814,-0.22814 0.83614,0.70711 0.84337,1.29729 0.009,0.74203 -0.60511,0.48977 -0.82141,-0.33737 z m 41.19581,0.0318 c 0.14263,-0.46254 0.41236,-1.70841 0.5994,-2.7686 0.35711,-2.02419 0.51631,-2.38999 0.88129,-2.02501 0.39232,0.39232 -0.72649,5.29675 -1.24796,5.47057 -0.37253,0.12418 -0.42906,-0.0403 -0.23273,-0.67696 z m 51.16151,0 c 0.14743,-0.46254 0.43985,-1.7538 0.64982,-2.86945 0.20997,-1.11566 0.5103,-2.02848 0.66738,-2.02848 0.81962,0 -0.24578,5.29241 -1.12435,5.58527 -0.33913,0.11304 -0.39009,-0.0686 -0.19285,-0.68734 z m 33.588,0.51133 c -0.12935,-0.12935 -0.23013,-0.56591 -0.22396,-0.97014 0.011,-0.72208 0.0203,-0.72296 0.52916,-0.0502 0.28488,0.37663 0.51795,0.81319 0.51795,0.97014 0,0.34515 -0.49782,0.37549 -0.82315,0.0502 z m 41.55933,-0.38217 c 0.13322,-0.33955 0.38456,-1.47878 0.55854,-2.53163 0.2889,-1.74836 0.81253,-2.85609 1.16852,-2.47194 0.23809,0.25694 -0.56056,4.70961 -0.9291,5.17995 -0.51476,0.65696 -1.07623,0.53284 -0.79796,-0.17638 z m 8.77444,0.073 c -0.28568,-0.74449 0.19116,-1.14643 0.5976,-0.50374 0.43188,0.68289 0.42322,1.04812 -0.0249,1.04812 -0.20011,0 -0.45785,-0.24497 -0.57275,-0.54438 z m 39.1976,-0.0372 c 0.51897,-1.28422 0.84629,-2.43739 1.06433,-3.74975 0.12179,-0.733 0.34701,-1.25511 0.5005,-1.16025 0.15349,0.0949 0.10579,1.32757 -0.10601,2.73935 -0.30981,2.06501 -0.51586,2.59198 -1.05393,2.69533 -0.52889,0.10158 -0.61361,-0.008 -0.40489,-0.52468 z m -216.20941,-2.83218 c -0.13082,-0.54778 -0.3204,-1.27378 -0.42127,-1.61333 -0.11821,-0.39789 0.007,-0.61736 0.35354,-0.61736 0.33649,0 0.62528,0.4708 0.77354,1.26108 0.29185,1.5557 -0.35394,2.44288 -0.70581,0.96961 z m 125.79283,-0.22518 c -0.49941,-1.2147 -0.52396,-2.00551 -0.0623,-2.00551 0.43197,0 0.82618,1.48996 0.62265,2.35335 -0.12442,0.52784 -0.2264,0.46454 -0.5604,-0.34784 z m 50.18894,-0.43446 c -0.21125,-1.12607 -0.0309,-1.92565 0.34768,-1.54165 0.38294,0.38839 0.60945,2.79283 0.2631,2.79283 -0.20683,0 -0.48168,-0.56303 -0.61078,-1.25118 z m -374.447343,0.25071 c 0,-0.69955 2.92218,-2.88009 3.85966,-2.88009 0.58836,0 1.59888,-0.49202 2.52889,-1.2313 0.85192,-0.67721 1.72598,-1.23284 1.94235,-1.23472 0.21636,-0.002 0.79703,-0.32092 1.29036,-0.70898 1.12466,-0.88466 1.31485,-0.88306 1.31485,0.0111 0,0.39415 -0.27781,0.80248 -0.61736,0.9074 -0.33955,0.10492 -0.85549,0.34036 -1.14653,0.52319 -0.29104,0.18283 -0.96573,0.50441 -1.4993,0.71461 -0.53358,0.21021 -0.97014,0.59022 -0.97014,0.84446 0,0.25425 -0.93679,0.77863 -2.08174,1.16529 -1.14496,0.38666 -2.41496,1.03623 -2.82222,1.4435 -0.74006,0.74005 -1.79882,1.00231 -1.79882,0.44557 z m 35.10863,-0.58933 c -0.7894,-0.64503 -0.95053,-0.95942 -0.6472,-1.26275 0.30333,-0.30333 0.71787,-0.1644 1.66501,0.55802 1.18971,0.90744 1.39025,1.60457 0.45343,1.57628 -0.23108,-0.007 -0.89314,-0.39917 -1.47124,-0.87155 z m 80.48488,-0.0565 c -0.42966,-0.42966 -0.24309,-1.17593 0.29398,-1.17593 0.29399,0 0.52917,0.31358 0.52917,0.70556 0,0.70282 -0.3759,0.91762 -0.82315,0.47037 z m 31.86759,-0.49119 c 0,-0.39951 0.15875,-0.62826 0.35278,-0.50835 0.19403,0.11992 0.35278,0.44679 0.35278,0.72638 0,0.27959 -0.15875,0.50834 -0.35278,0.50834 -0.19403,0 -0.35278,-0.32686 -0.35278,-0.72637 z m 16.22778,0.21803 c 0,-0.27959 0.15875,-0.60646 0.35278,-0.72638 0.19403,-0.11991 0.35278,0.10884 0.35278,0.50835 0,0.39951 -0.15875,0.72637 -0.35278,0.72637 -0.19403,0 -0.35278,-0.22875 -0.35278,-0.50834 z m 26.520773,-0.0798 c 0.17164,-0.88504 0.99601,-1.00656 0.99601,-0.14683 0,0.43333 -0.22779,0.73495 -0.55504,0.73495 -0.32852,0 -0.50848,-0.24002 -0.44097,-0.58812 z m 107.88767,-0.0966 c 0,-0.39951 0.15875,-0.72638 0.35278,-0.72638 0.19402,0 0.35277,0.22876 0.35277,0.50835 0,0.27959 -0.15875,0.60646 -0.35277,0.72638 -0.19403,0.11991 -0.35278,-0.10885 -0.35278,-0.50835 z m 135.81944,0.17639 c 0,-0.56941 0.49964,-0.99109 0.80843,-0.6823 0.2753,0.2753 -0.10402,1.19064 -0.4934,1.19064 -0.17327,0 -0.31503,-0.22875 -0.31503,-0.50834 z m 8.46665,-0.19721 c 0,-0.38806 0.1588,-0.70556 0.3528,-0.70556 0.194,0 0.3528,0.3175 0.3528,0.70556 0,0.38805 -0.1588,0.70555 -0.3528,0.70555 -0.194,0 -0.3528,-0.3175 -0.3528,-0.70555 z m 10.0352,0.32204 c -0.1304,-0.21094 -0.06,-0.56019 0.1556,-0.77611 0.2882,-0.28828 0.3926,-0.18637 0.3926,0.38351 0,0.85179 -0.1833,0.98304 -0.5482,0.3926 z m 7.6037,-0.32204 c 0,-0.38806 0.1588,-0.70556 0.3528,-0.70556 0.194,0 0.3528,0.3175 0.3528,0.70556 0,0.38805 -0.1588,0.70555 -0.3528,0.70555 -0.194,0 -0.3528,-0.3175 -0.3528,-0.70555 z m 11.6417,0 c 0,-0.38806 0.1587,-0.70556 0.3528,-0.70556 0.194,0 0.3527,0.3175 0.3527,0.70556 0,0.38805 -0.1587,0.70555 -0.3527,0.70555 -0.1941,0 -0.3528,-0.3175 -0.3528,-0.70555 z M -9.5955433,163.97742 c 0.12891,-0.33595 0.23439,-0.67721 0.23439,-0.75836 0,-0.0811 0.19844,-0.14842 0.44097,-0.1495 0.88131,-0.004 3.07455,-0.74096 2.99356,-1.00597 -0.0457,-0.14961 0.44257,-0.79975 1.0851,-1.44477 0.87444,-0.87783 1.26937,-1.07163 1.57039,-0.77061 0.30101,0.30101 0.0586,0.75397 -0.96393,1.80114 -1.40103,1.43478 -2.75675,2.23113 -4.56673,2.6825 -0.882,0.21995 -0.99483,0.16957 -0.79375,-0.35443 z M -135.11341,163.66007 c -0.73971,-0.3211 -0.91293,-0.53572 -0.59232,-0.73387 0.66964,-0.41386 3.6486,0.10868 3.48378,0.61108 -0.1944,0.59257 -1.66535,0.65503 -2.89146,0.12279 z m 3.69127,-0.0594 c 0,-0.40622 0.45078,-0.52916 1.94028,-0.52916 1.48951,0 1.94028,0.12294 1.94028,0.52916 0,0.40623 -0.45077,0.52917 -1.94028,0.52917 -1.4895,0 -1.94028,-0.12294 -1.94028,-0.52917 z m 117.122097,0 c 0,-0.41157 0.47037,-0.52916 2.11667,-0.52916 1.64629,0 2.11667,0.11759 2.11667,0.52916 0,0.41158 -0.47038,0.52917 -2.11667,0.52917 -1.6463,0 -2.11667,-0.11759 -2.11667,-0.52917 z m -43.21627,-1.30083 c -0.96959,-0.60016 -1.8642,-1.24801 -1.98802,-1.43968 -0.12383,-0.19167 -0.38273,-0.25109 -0.57534,-0.13206 -0.19261,0.11904 -0.93866,-0.25122 -1.6579,-0.8228 -0.71924,-0.57158 -1.61127,-1.13558 -1.9823,-1.25334 -0.7657,-0.24302 -0.92471,-1.2249 -0.19836,-1.2249 0.26193,0 1.17474,0.50729 2.02847,1.12731 0.85373,0.62001 2.60859,1.64245 3.8997,2.27207 2.44037,1.19008 3.06024,1.74097 2.54204,2.25918 -0.17203,0.17202 -1.07532,-0.17115 -2.06829,-0.78578 z m 38.80006,0.76116 c -0.12349,-0.19981 0.25618,-0.91079 0.84372,-1.57996 0.58754,-0.66917 1.17117,-1.76531 1.29697,-2.43587 0.24511,-1.30655 1.35142,-2.6099 1.71541,-2.02095 0.11853,0.19177 -0.0875,0.8768 -0.45792,1.52229 -0.37037,0.64548 -0.78991,1.57048 -0.9323,2.05555 -0.31619,1.07711 -1.51172,2.82223 -1.93342,2.82223 -0.16937,0 -0.40898,-0.16348 -0.53246,-0.36329 z m -106.660267,-1.66519 c -0.43022,-0.92163 -1.02087,-2.13712 -1.31255,-2.70108 -0.33738,-0.65232 -0.4076,-1.14813 -0.193,-1.36274 0.56866,-0.56865 1.07029,0.0456 1.64131,2.00985 0.30041,1.03338 0.85812,2.16115 1.23936,2.50617 0.86618,0.78388 0.88419,1.2235 0.0501,1.2235 -0.42215,0 -0.91172,-0.5756 -1.42525,-1.6757 z M 10.041637,160.0729 c 0,-2.43025 0.1003,-2.99861 0.52916,-2.99861 0.42887,0 0.52917,0.56836 0.52917,2.99861 0,2.43024 -0.1003,2.99861 -0.52917,2.99861 -0.42886,0 -0.52916,-0.56837 -0.52916,-2.99861 z m 15.875,0 c 0,-2.43025 0.1003,-2.99861 0.52916,-2.99861 0.42887,0 0.52917,0.56836 0.52917,2.99861 0,2.43024 -0.1003,2.99861 -0.52917,2.99861 -0.42886,0 -0.52916,-0.56837 -0.52916,-2.99861 z m 32.10277,0 c 0,-2.43025 0.1003,-2.99861 0.52917,-2.99861 0.42887,0 0.52917,0.56836 0.52917,2.99861 0,2.43024 -0.1003,2.99861 -0.52917,2.99861 -0.42887,0 -0.52917,-0.56837 -0.52917,-2.99861 z m 15.94963,-3.14898 c -0.0613,-3.70021 0.0342,-6.22523 0.2402,-6.35257 0.18809,-0.11624 0.41442,-0.0897 0.50297,0.059 0.0885,0.14868 0.27644,3.00877 0.41756,6.35575 0.24433,5.79526 0.2252,6.08527 -0.4012,6.08223 -0.61261,-0.003 -0.66475,-0.42483 -0.75953,-6.1444 z m 11.2143,3.17837 c 0,-2.49171 0.0962,-3.028 0.54344,-3.028 0.45341,0 0.52646,0.47743 0.44097,2.88202 -0.0681,1.91524 -0.25039,2.93099 -0.54343,3.02801 -0.32987,0.1092 -0.44098,-0.61694 -0.44098,-2.88203 z m 15.522293,-0.0294 c 0,-2.43025 0.1003,-2.99861 0.52917,-2.99861 0.42887,0 0.52917,0.56836 0.52917,2.99861 0,2.43024 -0.1003,2.99861 -0.52917,2.99861 -0.42887,0 -0.52917,-0.56837 -0.52917,-2.99861 z m 7.76111,-3.35139 c 0,-5.35624 0.0813,-6.35 0.51941,-6.35 0.43807,0 0.51963,0.99441 0.52084,6.35 0.001,5.36476 -0.0794,6.35 -0.51941,6.35 -0.43997,0 -0.52084,-0.98588 -0.52084,-6.35 z m 14.34215,4.51553 c -0.50053,-4.51144 -0.0517,-10.51275 0.78629,-10.51275 0.15651,0 0.31344,2.34156 0.34871,5.20347 0.0353,2.86191 0.0995,5.59539 0.14281,6.0744 0.051,0.56487 -0.12325,0.91199 -0.49586,0.98776 -0.4542,0.0924 -0.61795,-0.27473 -0.78195,-1.75288 z m 14.43879,0.1897 c 0.14215,-0.93864 0.26603,-3.57193 0.27529,-5.85176 0.009,-2.27983 0.14291,-4.14514 0.29698,-4.14514 0.15407,0 0.28013,0.28575 0.28013,0.635 0,0.34925 0.15844,0.79345 0.3521,0.98711 0.226,0.226 0.25759,2.05024 0.0882,5.09358 -0.23322,4.19003 -0.33877,4.7558 -0.90753,4.86465 -0.57876,0.11076 -0.61757,-0.0488 -0.38517,-1.58344 z m 14.68519,-1.41357 c 0.0686,-2.05691 0.24632,-3.10616 0.5429,-3.2044 0.33113,-0.10968 0.44097,0.65211 0.44097,3.05834 0,2.6492 -0.0941,3.2044 -0.5429,3.2044 -0.45477,0 -0.52635,-0.49646 -0.44097,-3.05834 z m 8.39221,0.0597 c 0,-2.43025 0.10029,-2.99861 0.52916,-2.99861 0.42887,0 0.52917,0.56836 0.52917,2.99861 0,2.43024 -0.1003,2.99861 -0.52917,2.99861 -0.42887,0 -0.52916,-0.56837 -0.52916,-2.99861 z m 16.22777,0.0294 c 0,-1.78348 0.145,-3.028 0.35278,-3.028 0.20383,0 0.35278,1.11712 0.35278,2.64583 0,1.45521 0.0119,2.76093 0.0265,2.9016 0.0146,0.14067 -0.1442,0.31265 -0.35278,0.38217 -0.25083,0.0836 -0.37924,-0.89888 -0.37924,-2.9016 z m 10.93611,-3.175 c 0,-3.54254 0.13927,-6.203 0.3247,-6.203 0.81372,0 0.92742,11.98675 0.11628,12.25836 -0.34166,0.1144 -0.44098,-1.24938 -0.44098,-6.05536 z m 15.19658,-0.20578 c 0,-5.33499 0.0824,-6.35 0.5156,-6.35 0.43318,0 0.5156,1.01501 0.5156,6.35 0,5.33499 -0.0824,6.35 -0.5156,6.35 -0.43318,0 -0.5156,-1.01501 -0.5156,-6.35 z m 5.76688,5.87815 c -0.28054,-0.73107 -0.0153,-8.59947 0.30054,-8.9153 0.54439,-0.54439 0.68089,0.32436 0.73183,4.65784 0.039,3.31475 -0.0626,4.5287 -0.388,4.63883 -0.24244,0.082 -0.5324,-0.0896 -0.64437,-0.38137 z m 16.78376,-2.52676 c 0,-2.43025 0.1003,-2.99861 0.52917,-2.99861 0.42887,0 0.52917,0.56836 0.52917,2.99861 0,2.43024 -0.1003,2.99861 -0.52917,2.99861 -0.42887,0 -0.52917,-0.56837 -0.52917,-2.99861 z m 8.83754,-3.32741 c -0.001,-5.38591 0.0793,-6.37398 0.5194,-6.37398 0.43609,0 0.52945,0.94721 0.57376,5.82083 0.0291,3.20146 0.0688,6.0171 0.0882,6.25697 0.0194,0.23988 -0.23814,0.4888 -0.57232,0.55316 -0.5568,0.10723 -0.60771,-0.41587 -0.60903,-6.25698 z m 13.98284,1.48116 c -0.13367,-2.95711 -0.0861,-4.97771 0.12198,-5.18583 0.18754,-0.18754 0.34098,-0.61736 0.34098,-0.95516 0,-0.3378 0.14803,-0.70567 0.32896,-0.81749 0.19837,-0.1226 0.33274,2.1799 0.33849,5.80001 0.007,4.70795 -0.0898,6.00333 -0.45095,6.00333 -0.34579,0 -0.51501,-1.20657 -0.67946,-4.84486 z m 15.55581,4.65067 c -0.12022,-0.12021 -0.0498,-0.7028 0.15654,-1.29463 0.23416,-0.67172 0.29927,-2.7814 0.17327,-5.61445 -0.11101,-2.49612 -0.0943,-4.5378 0.037,-4.53708 0.72825,0.004 1.84011,4.45348 1.25827,5.03533 -0.11845,0.11844 -0.23751,1.61082 -0.26459,3.31639 -0.0396,2.49281 -0.15639,3.12182 -0.5956,3.20703 -0.3005,0.0583 -0.64473,0.008 -0.76494,-0.11259 z m 14.43024,-0.0336 c -0.42607,-0.42606 -0.27151,-5.5993 0.18079,-6.05161 0.32926,-0.32926 0.32926,-0.42333 0,-0.42333 -0.29605,0 -0.42333,-0.90154 -0.42333,-2.99861 0,-2.77483 0.0533,-2.99861 0.7137,-2.99861 0.69311,0 0.71091,0.17974 0.61736,6.23273 -0.0904,5.85018 -0.29651,7.03145 -1.08852,6.23943 z m 6.55356,-6.00483 c 0.0615,-4.61199 0.19773,-6.27082 0.52404,-6.3794 0.34193,-0.11377 0.44097,1.28608 0.44097,6.23267 0,5.40767 -0.0798,6.3794 -0.52404,6.3794 -0.4469,0 -0.51182,-0.91751 -0.44097,-6.23267 z m 13.66889,1.55836 c 0.004,-4.90537 0.24527,-7.32014 0.73116,-7.32014 0.15947,0 0.29208,2.69875 0.29471,5.99723 0.004,5.03646 -0.0781,5.99722 -0.51249,5.99722 -0.42866,0 -0.51659,-0.80063 -0.51338,-4.67431 z m 14.10153,0.21826 c 0.038,-2.49688 -0.0442,-5.15489 -0.1827,-5.90668 -0.34894,-1.89395 0.50087,-1.57272 1.0865,0.4107 0.5877,1.99042 0.20441,9.64589 -0.49454,9.87735 -0.38841,0.12862 -0.46539,-0.69543 -0.40926,-4.38137 z m 13.78212,-1.89395 c 0.001,-5.35559 0.0828,-6.35 0.52084,-6.35 0.43812,0 0.51941,0.99376 0.51941,6.35 0,5.36412 -0.0809,6.35 -0.52084,6.35 -0.44003,0 -0.52061,-0.98524 -0.51941,-6.35 z m 5.34762,3.29178 c 0.0807,-2.45727 0.21174,-3.11539 0.62019,-3.11539 0.41369,0 0.52011,0.60205 0.52916,2.99354 0.01,2.60122 -0.0714,3.00951 -0.62018,3.1154 -0.57439,0.11083 -0.62225,-0.15996 -0.52917,-2.99355 z m 12.62596,0.14427 c 0,-1.63113 0.0969,-3.06259 0.21535,-3.18103 0.11845,-0.11845 0.23751,-1.59974 0.26459,-3.29177 0.035,-2.18774 0.18279,-3.12118 0.51159,-3.23137 0.37481,-0.1256 0.42375,1.03769 0.25843,6.1434 -0.16722,5.16459 -0.29807,6.31886 -0.72694,6.41239 -0.42974,0.0937 -0.52302,-0.41485 -0.52302,-2.85162 z m 8.49383,-3.46093 c 0,-4.835 0.1032,-6.34054 0.4274,-6.23273 0.3082,0.10251 0.4543,1.88025 0.5237,6.37488 0.082,5.31957 0.02,6.23273 -0.4274,6.23273 -0.4438,0 -0.5237,-0.97287 -0.5237,-6.37488 z m 10.2187,2.75891 c 0.089,-5.16121 0.3927,-8.73125 0.742,-8.73125 0.1656,0 0.301,2.77812 0.301,6.17361 0,5.36966 -0.072,6.17361 -0.5527,6.17361 -0.47,0 -0.5435,-0.54171 -0.4903,-3.61597 z m 7.8203,0.61522 c 0.058,-1.69736 0.2551,-3.00074 0.4547,-3.00074 0.1995,0 0.397,1.30338 0.4547,3.00074 0.086,2.54103 0.017,3.00075 -0.4547,3.00075 -0.4714,0 -0.541,-0.45972 -0.4547,-3.00075 z m 11.2144,0.002 c 0,-1.64924 0.1191,-2.99853 0.2646,-2.99844 0.1455,1e-4 0.2091,-1.42865 0.1413,-3.175 -0.073,-1.88247 0.015,-3.17517 0.2159,-3.17517 0.3907,0 0.7065,3.52008 0.7833,8.73125 0.051,3.43699 0.017,3.61597 -0.6759,3.61597 -0.6799,0 -0.7292,-0.20282 -0.7292,-2.99861 z m -519.57245,1.48251 c -0.62015,-0.63983 -1.12754,-1.32653 -1.12754,-1.52601 0,-0.19947 -0.39687,-0.73553 -0.88194,-1.19123 -0.97086,-0.91207 -1.15779,-1.76388 -0.38708,-1.76388 0.27217,0 1.04853,0.83343 1.72524,1.85208 0.67671,1.01864 1.56153,2.15111 1.96627,2.51659 0.67683,0.61119 0.7265,1.27577 0.0953,1.27577 -0.14452,0 -0.77015,-0.5235 -1.39029,-1.16332 z m 66.605677,0.14334 c 0,-0.38987 -0.26063,-0.85471 -0.57918,-1.03297 -0.51302,-0.28711 -0.52333,-0.45028 -0.0903,-1.42865 0.50846,-1.14868 1.37501,-1.50429 1.37501,-0.56427 0,0.29713 0.23813,0.63161 0.52917,0.7433 0.29104,0.11168 0.52916,0.4242 0.52916,0.69448 0,0.27028 -0.23812,0.49142 -0.52916,0.49142 -0.29104,0 -0.52917,0.30813 -0.52917,0.68474 0,0.3766 -0.15875,0.78285 -0.35278,0.90276 -0.19403,0.11992 -0.35278,-0.10095 -0.35278,-0.49081 z m 67.7333297,-2.79908 c 0,-0.82067 1.60197,-2.37277 1.91921,-1.85947 0.24091,0.3898 -1.13764,2.50353 -1.63278,2.50353 -0.15754,0 -0.28643,-0.28983 -0.28643,-0.64406 z m -74.4360997,-0.0702 c 0,-0.19883 0.43656,-0.5164 0.97013,-0.70571 0.53358,-0.1893 1.2458,-0.50288 1.58272,-0.69682 0.95845,-0.55173 1.78987,-0.44097 1.54183,0.20539 -0.11777,0.30692 -0.21413,0.62442 -0.21413,0.70556 0,0.0811 -0.38751,0.14754 -0.86112,0.14754 -0.47362,0 -0.95924,0.15875 -1.07916,0.35277 -0.28697,0.46434 -1.94027,0.4569 -1.94027,-0.009 z m 10.47533,0.13592 c -0.32923,-0.32923 0.0686,-0.83274 0.65798,-0.83274 0.2796,0 0.50835,0.23812 0.50835,0.52917 0,0.53136 -0.74471,0.72519 -1.16633,0.30357 z m -26.43853,-2.16161 c -1.79575,-0.0863 -2.38125,-0.24063 -2.38125,-0.62753 0,-0.31206 0.3455,-0.51305 0.88195,-0.51305 1.13803,0 1.12852,-0.47995 -0.0199,-1.0032 -0.49601,-0.226 -0.8075,-0.56355 -0.6922,-0.75011 0.2326,-0.37635 2.65237,0.63913 2.65237,1.1131 0,0.15809 0.3175,0.28744 0.70555,0.28744 0.38806,0 0.70556,0.13819 0.70556,0.30709 0,0.2844 7.75133,0.17305 8.03987,-0.11549 0.0712,-0.0712 -0.63712,-0.56852 -1.57398,-1.10523 -2.16555,-1.24058 -2.07301,-1.15092 -1.63738,-1.58655 0.26048,-0.26048 0.99256,0.0226 2.44592,0.94567 1.1408,0.72458 2.15702,1.44059 2.25827,1.59113 0.10125,0.15053 1.05375,0.32294 2.11666,0.38312 1.43403,0.0812 1.93258,0.24593 1.93258,0.63859 0,0.45093 -0.96486,0.53067 -6.52639,0.53933 -3.58951,0.006 -7.59795,-0.0413 -8.90764,-0.10431 z m 29.52194,-0.11978 c -0.35524,-0.57478 0.0558,-0.75976 2.04391,-0.91989 1.95383,-0.15736 2.78156,-0.45372 4.93964,-1.7686 1.53799,-0.93706 1.6827,-0.96418 1.6827,-0.31538 0,0.2675 -0.47625,0.68363 -1.05833,0.92474 -1.34828,0.55848 -1.35812,1.05833 -0.0208,1.05833 1.24648,0 1.69392,0.54276 0.82445,1.00006 -0.86967,0.45741 -8.13061,0.47532 -8.41155,0.0207 z m 9.37181,-0.13885 c 0,-0.37715 0.43072,-0.54788 1.49931,-0.59429 2.49084,-0.10819 2.87464,-0.15388 3.79236,-0.45149 0.48507,-0.1573 1.26054,-0.58166 1.72327,-0.94303 0.46272,-0.36136 1.1771,-0.65198 1.5875,-0.6458 0.80123,0.012 0.78768,0.0287 -1.07535,1.31971 -0.62432,0.43264 0.46871,0.42625 5.33578,-0.0312 0.39359,-0.037 0.74373,0.18392 0.8119,0.51225 0.10347,0.49832 -0.45802,0.612 -4.10484,0.83112 -2.32358,0.13961 -4.3955,0.14827 -4.60426,0.0192 -0.20876,-0.12902 -0.37956,-0.0665 -0.37956,0.13902 0,0.22463 -0.91434,0.3736 -2.29305,0.3736 -1.80309,0 -2.29306,-0.11307 -2.29306,-0.52917 z M -142.64918,153.811 c -1.24844,-2.84079 -1.33351,-3.19208 -0.81488,-3.36496 0.32189,-0.1073 2.8697,4.88187 2.8697,5.6195 0,0.16671 -0.20943,0.3031 -0.46541,0.3031 -0.25598,0 -0.97121,-1.15094 -1.58941,-2.55764 z m 13.63222,1.7512 c -1.13433,-0.93634 -3.20316,-4.73924 -2.73547,-5.02829 0.55069,-0.34034 1.06069,0.18973 1.76626,1.83577 0.36961,0.86227 1.15065,1.9705 1.73564,2.46274 0.58499,0.49224 0.97445,1.03926 0.86547,1.2156 -0.29024,0.46961 -0.57837,0.38383 -1.6319,-0.48582 z m 54.030977,-0.097 c -0.18892,-0.4969 -0.68287,-1.69235 -1.09766,-2.65657 -0.4148,-0.96421 -0.66373,-1.84356 -0.55319,-1.9541 0.33504,-0.33504 0.95347,0.22498 0.95347,0.86344 0,0.32964 0.39688,1.34488 0.88195,2.25608 0.48507,0.9112 0.88194,1.82275 0.88194,2.02566 0,0.72013 -0.72827,0.35513 -1.06651,-0.53451 z m 3.0767,0.14031 c -0.72434,-1.15805 -1.80922,-4.84709 -1.51265,-5.14366 0.3719,-0.3719 0.83778,0.53635 1.6448,3.20657 0.77245,2.55588 0.72156,3.30195 -0.13215,1.93709 z m 2.9287,0.2229 c 0,-0.29713 0.27781,-0.63922 0.61736,-0.76019 0.72848,-0.25954 2.17399,-1.87694 2.19217,-2.45285 0.0188,-0.59537 1.3261,-2.10436 1.59292,-1.83867 0.37793,0.37634 -1.89467,4.53362 -2.47832,4.53362 -0.29434,0 -0.62654,0.23812 -0.73822,0.52916 -0.26598,0.69311 -1.18591,0.68453 -1.18591,-0.0111 z m 53.97499,0.13257 c 0,-0.22422 0.39687,-0.92801 0.88194,-1.56397 0.48507,-0.63595 0.88194,-1.41544 0.88194,-1.73218 0,-0.7693 0.64628,-1.94062 1.07075,-1.94062 0.48535,0 0.42071,0.83887 -0.1541,1.99988 -0.27195,0.5493 -0.74563,1.59404 -1.05262,2.32164 -0.51673,1.22471 -1.62791,1.84944 -1.62791,0.91525 z m 13.5832297,0.057 c -0.11921,-0.19289 0.16808,-0.86758 0.63842,-1.49931 0.47033,-0.63173 0.94848,-1.54548 1.06255,-2.03055 0.26227,-1.11536 1.16311,-2.3675 1.47727,-2.05335 0.13122,0.13123 -0.27277,1.52004 -0.89778,3.08625 -1.04921,2.62925 -1.73477,3.3799 -2.28046,2.49696 z m 11.4640003,-2.64791 c 0,-2.43025 0.1003,-2.99861 0.52916,-2.99861 0.42887,0 0.52917,0.56836 0.52917,2.99861 0,2.43025 -0.1003,2.99861 -0.52917,2.99861 -0.42886,0 -0.52916,-0.56836 -0.52916,-2.99861 z m 15.875,0 c 0,-2.43025 0.1003,-2.99861 0.52916,-2.99861 0.42887,0 0.52917,0.56836 0.52917,2.99861 0,2.43025 -0.1003,2.99861 -0.52917,2.99861 -0.42886,0 -0.52916,-0.56836 -0.52916,-2.99861 z m 32.10277,-0.0294 c 0,-2.26508 0.11111,-2.99123 0.44098,-2.88202 0.29304,0.097 0.47534,1.11277 0.54343,3.02801 0.0855,2.40458 0.0124,2.88202 -0.44097,2.88202 -0.44719,0 -0.54344,-0.5363 -0.54344,-3.02801 z m 27.16393,0.20579 c 0,-3.19046 0.49372,-3.76771 0.82974,-0.97014 0.35469,2.95291 0.28816,3.79236 -0.30057,3.79236 -0.42627,0 -0.52917,-0.54877 -0.52917,-2.82222 z m 15.522293,-0.17639 c 0,-2.76343 0.0553,-2.99861 0.70556,-2.99861 0.65022,0 0.70555,0.23518 0.70555,2.99861 0,2.76342 -0.0553,2.99861 -0.70555,2.99861 -0.65022,0 -0.70556,-0.23519 -0.70556,-2.99861 z m 51.15278,0 c 0,-2.43025 0.1003,-2.99861 0.52917,-2.99861 0.42886,0 0.52916,0.56836 0.52916,2.99861 0,2.43025 -0.1003,2.99861 -0.52916,2.99861 -0.42887,0 -0.52917,-0.56836 -0.52917,-2.99861 z m 8.54059,0.11659 c 0.0681,-1.91524 0.25039,-2.931 0.54344,-3.02801 0.32986,-0.10921 0.44097,0.61694 0.44097,2.88202 0,2.49171 -0.0962,3.02801 -0.54344,3.02801 -0.4534,0 -0.52646,-0.47744 -0.44097,-2.88202 z m 15.875,0 c 0.0681,-1.91524 0.25039,-2.931 0.54344,-3.02801 0.32986,-0.10921 0.44097,0.61694 0.44097,2.88202 0,2.49171 -0.0962,3.02801 -0.54344,3.02801 -0.4534,0 -0.52646,-0.47744 -0.44097,-2.88202 z m 49.03611,0 c 0.0681,-1.91524 0.25039,-2.931 0.54343,-3.02801 0.32987,-0.10921 0.44098,0.61694 0.44098,2.88202 0,2.49171 -0.0962,3.02801 -0.54344,3.02801 -0.4534,0 -0.52646,-0.47744 -0.44097,-2.88202 z m 106.17908,1.58637 c 0.15727,-1.86104 0.99143,-1.98292 0.99143,-0.14486 0,1.07004 -0.14157,1.44051 -0.55046,1.44051 -0.41872,0 -0.52426,-0.31009 -0.44097,-1.29565 z m 39.03013,-1.56136 c -0.1032,-2.56103 0.1102,-3.56165 0.6454,-3.02646 0.1015,0.10142 0.2723,1.4667 0.3797,3.03394 0.1669,2.43479 0.1149,2.84953 -0.3574,2.84953 -0.4467,0 -0.5747,-0.54749 -0.6677,-2.85701 z m -470.89712,1.95663 c 0,-0.4381 0.3648,-0.52628 1.824347,-0.44097 2.61299,0.15272 2.73586,0.98857 0.14532,0.98857 -1.54511,0 -1.969667,-0.11803 -1.969667,-0.5476 z m 29.986107,-2.24522 c 0,-2.44101 0.48121,-3.33913 0.89843,-1.6768 0.32328,1.28805 0.0302,3.87026 -0.45746,4.03063 -0.32492,0.10685 -0.44097,-0.5126 -0.44097,-2.35383 z m 29.68909,1.87393 c 0.10231,-0.5376 0.48948,-0.6895 1.97602,-0.77524 1.48163,-0.0855 1.84878,0.002 1.84878,0.44097 0,0.34124 -0.31575,0.54761 -0.83785,0.54761 -0.46082,0 -1.35002,0.10243 -1.97602,0.22763 -0.98663,0.19733 -1.12122,0.13862 -1.01093,-0.44097 z m -72.264877,-0.0546 c -1.49352,-0.98275 -0.96699,-4.02671 0.77201,-4.46318 2.01185,-0.50494 3.6425,1.78277 2.60045,3.64829 -0.36929,0.66111 -0.83743,0.9313 -1.72993,0.99846 -0.673,0.0506 -1.41214,-0.032 -1.64253,-0.18357 z m 10.29662,0.0368 c -0.38805,-0.0821 -1.06274,-0.22542 -1.49929,-0.31858 -1.29993,-0.27738 -0.90092,-0.86148 0.5885,-0.86148 1.72353,0 2.49829,0.2852 2.49829,0.91968 0,0.49278 -0.27512,0.5379 -1.5875,0.26038 z m 70.956637,-0.30021 c -0.81129,-0.81129 -1.01441,-1.82598 -0.54421,-2.71861 0.56993,-1.08196 0.9941,-1.32445 2.32798,-1.33084 1.95418,-0.009 3.0218,2.6918 1.57973,3.99686 -0.80541,0.72889 -2.65823,0.75786 -3.3635,0.0526 z m -3.18882,-0.78657 c -0.46457,-0.46457 -0.16945,-1.15162 0.49468,-1.15162 0.38806,0 0.70556,0.22114 0.70556,0.49143 0,0.53214 -0.85693,1.0035 -1.20024,0.66019 z m -72.794867,-0.32847 c -0.76997,-0.30799 -0.4756,-0.82315 0.47036,-0.82315 0.5467,0 0.85547,0.16762 0.7717,0.41893 -0.16543,0.49629 -0.63216,0.64819 -1.24206,0.40422 z m 8.468317,-1.16785 c -1.124027,-1.2202 -1.408287,-1.78573 -0.883627,-1.75796 0.145517,0.008 1.023507,0.71258 1.951087,1.56639 1.42904,1.31539 1.56368,1.54338 0.88195,1.49338 -0.44251,-0.0325 -1.31975,-0.61827 -1.94941,-1.30181 z m 53.88512,1.09347 c 0,-0.17027 0.91281,-1.05923 2.02847,-1.97547 1.11566,-0.91624 2.15605,-1.8893 2.31198,-2.16236 0.15592,-0.27305 0.90039,-0.81117 1.65437,-1.19583 0.8575,-0.43746 1.85409,-1.42736 2.66122,-2.64335 0.70969,-1.06919 1.42429,-1.94398 1.588,-1.94398 0.83898,0 0.63946,0.91009 -0.45168,2.06032 -0.67361,0.71009 -1.31925,1.5621 -1.43476,1.89337 -0.21624,0.62017 -3.03503,2.60717 -3.50691,2.47207 -0.14552,-0.0417 -0.26458,0.15156 -0.26458,0.42938 0,0.27783 -0.51594,0.86665 -1.14653,1.30848 -0.63059,0.44184 -1.35396,1.08765 -1.6075,1.43514 -0.47006,0.64425 -1.83208,0.8838 -1.83208,0.32223 z m -9.28982,-0.2784 c -0.47145,-0.47145 -0.19997,-0.7759 1.6169,-1.81321 1.01865,-0.58157 2.46735,-1.6286 3.21934,-2.32673 0.752,-0.69812 1.63306,-1.26932 1.95792,-1.26932 0.71036,0 1.43733,-0.6674 1.43733,-1.31956 0,-0.69019 1.46583,-2.56099 2.00662,-2.56099 0.72477,0 0.54975,0.58187 -0.55339,1.83981 -0.55891,0.63734 -1.07485,1.45362 -1.14652,1.81396 -0.0742,0.37281 -1.00452,1.11076 -2.1588,1.71233 -1.11566,0.58144 -2.02847,1.27881 -2.02847,1.5497 0,0.27089 -0.13486,0.49253 -0.29969,0.49253 -0.16483,0 -0.99827,0.47336 -1.85208,1.05191 -1.66339,1.12713 -1.83635,1.19237 -2.19916,0.82957 z m 263.289923,-1.33149 c 0,-0.69055 0.15875,-1.25554 0.35278,-1.25554 0.19402,0 0.35277,0.46688 0.35277,1.03751 0,0.57063 -0.15875,1.13563 -0.35277,1.25554 -0.20995,0.12975 -0.35278,-0.29032 -0.35278,-1.03751 z m 123.11071,0.30899 c -0.47157,-1.2403 -0.4332,-1.56453 0.18512,-1.56453 0.36957,0 0.52916,0.37237 0.52916,1.23472 0,1.46306 -0.2411,1.57438 -0.71428,0.32981 z m -422.016533,-0.52273 c -1.50163,-0.9429 -1.92056,-1.74736 -0.90994,-1.74736 0.53868,0 3.48233,2.10177 3.48233,2.48639 0,0.59106 -0.83715,0.35056 -2.57239,-0.73903 z m 128.16127,-1.39458 c 0,-0.19403 -0.21352,-0.35278 -0.47449,-0.35278 -0.26097,0 -0.73592,-0.28888 -1.05545,-0.64196 -0.77659,-0.85812 -2.09184,-4.5887 -2.03534,-5.77304 0.0249,-0.52082 -0.1153,-1.04613 -0.31144,-1.16735 -0.44742,-0.27653 -0.46997,-1.23709 -0.029,-1.23709 0.69702,0 1.43631,1.16029 1.43631,2.25422 0,0.63002 0.23465,1.93563 0.52144,2.90135 0.69223,2.33102 1.99556,3.31109 4.40317,3.31109 1.34541,0 1.77817,0.12879 1.77817,0.52917 0,0.41157 -0.47037,0.52917 -2.11667,0.52917 -1.17592,0 -2.11666,-0.15679 -2.11666,-0.35278 z m 5.33792,-0.47343 c -0.49333,-0.59444 -0.16752,-0.93768 0.89006,-0.93768 0.77974,0 1.82643,-1.217 3.22808,-3.75333 0.25312,-0.45803 0.61031,-0.83278 0.79375,-0.83278 0.58408,0 0.36089,0.91955 -0.54842,2.25949 -0.48507,0.71479 -0.88194,1.53303 -0.88194,1.8183 0,0.52315 -1.95351,1.91566 -2.69084,1.91811 -0.21877,7.2e-4 -0.57458,-0.21173 -0.79069,-0.47211 z M -133.1294,149.12005 c -0.22517,-0.4942 -0.4094,-2.1409 -0.4094,-3.65933 0,-3.22713 0.81076,-5.45758 2.50071,-6.87958 1.20576,-1.01458 3.22441,-1.32796 2.43617,-0.37819 -0.24264,0.29237 -0.84938,0.72893 -1.34831,0.97014 -1.67409,0.80934 -2.33812,2.52925 -2.34642,6.07748 -0.004,1.74929 0.12233,3.53771 0.28093,3.97427 0.41658,1.14673 -0.58645,1.05234 -1.11368,-0.10479 z m 31.34049,0.60537 c 0,-0.16124 -0.40252,-0.50858 -0.89448,-0.77187 -0.49197,-0.26329 -1.08728,-0.83013 -1.32291,-1.25963 -0.23564,-0.4295 -0.88943,-1.35948 -1.45286,-2.06662 -0.72535,-0.91036 -0.9146,-1.39551 -0.64827,-1.66184 0.26633,-0.26633 0.69411,0.0628 1.46538,1.12754 0.59909,0.82702 1.08925,1.71798 1.08925,1.97991 0,0.26193 0.2878,0.47624 0.63955,0.47624 0.73461,0 2.66636,1.86816 2.3052,2.22932 -0.3375,0.3375 -1.18086,0.29962 -1.18086,-0.053 z m 8.198897,-0.68646 c -0.63234,-0.52836 -1.14828,-1.14586 -1.14653,-1.37222 0.002,-0.22637 -0.11588,-0.46449 -0.2614,-0.52917 -0.14552,-0.0647 -0.79278,-0.73239 -1.43836,-1.48382 -0.87255,-1.0156 -1.07136,-1.46827 -0.7747,-1.76388 0.41168,-0.41023 1.06728,0.21096 2.41178,2.28519 0.32761,0.50544 1.11146,1.35299 1.74188,1.88344 0.63041,0.53046 1.1462,1.18849 1.1462,1.46228 0,0.71489 -0.37568,0.60707 -1.67887,-0.48182 z m 23.02505,0.63191 c -0.1182,-0.19125 -0.16725,-1.58032 -0.10901,-3.08681 0.0582,-1.50649 -0.0302,-5.55689 -0.19661,-9.00089 -0.27259,-5.64241 -0.24641,-6.2618 0.26458,-6.2618 0.43975,0 0.56962,0.37626 0.57838,1.67569 0.006,0.92163 0.10199,5.12851 0.21283,9.34861 0.13725,5.22558 0.084,7.67292 -0.16687,7.67292 -0.20262,0 -0.4651,-0.15648 -0.5833,-0.34772 z m 6.60897,0.0935 c -0.3313,-0.1188 -0.28272,-0.39676 0.19206,-1.09893 0.34955,-0.51695 1.01063,-1.69397 1.46907,-2.6156 0.83419,-1.67701 1.42817,-2.14967 1.42817,-1.13647 0,0.6135 -1.95852,4.62033 -2.37336,4.85553 -0.14986,0.085 -0.47204,0.0829 -0.71594,-0.005 z m 51.65379,0.0178 c -0.13003,-0.13003 0.0182,-0.62505 0.32944,-1.10004 0.43146,-0.65849 0.53587,-1.52406 0.43959,-3.64414 -0.0867,-1.90958 -10e-4,-2.78051 0.27322,-2.78051 0.9211,0 1.14964,5.08161 0.30224,6.7203 -0.53656,1.03759 -0.89615,1.25273 -1.34449,0.80439 z m 70.32161,-4.16355 c 0,-2.40781 0.14212,-4.46567 0.31582,-4.57302 0.55804,-0.34489 0.74252,0.83043 0.74252,4.73077 0,3.06475 -0.10395,3.85384 -0.52917,4.01702 -0.45285,0.17377 -0.52917,-0.42831 -0.52917,-4.17477 z m 50.447333,4.16026 c 0,-0.73199 1.5453,-4.65789 1.77704,-4.51466 0.28249,0.17459 -0.38903,3.58277 -0.85423,4.33547 -0.27787,0.44961 -0.92281,0.57483 -0.92281,0.17919 z m 99.9617,-0.29463 c -0.2688,-0.70049 0.0676,-10.3598 0.37141,-10.66358 0.54002,-0.54002 0.69491,0.67587 0.71549,5.61625 0.0165,3.97195 -0.0907,5.37858 -0.41855,5.49023 -0.24244,0.0826 -0.54319,-0.11674 -0.66835,-0.4429 z m 16.81025,-2.72885 c 0.003,-4.2606 0.37072,-8.0547 0.75695,-7.81599 0.1686,0.1042 0.3112,0.61558 0.31688,1.1364 0.006,0.52082 0.0381,1.58195 0.0721,2.35806 0.034,0.77611 0.0276,2.80017 -0.0142,4.49791 -0.0609,2.47489 -0.18085,3.08681 -0.60512,3.08681 -0.43241,0 -0.52871,-0.59665 -0.52666,-3.26319 z m 106.22534,-0.15053 c 0.05,-4.14817 0.29976,-5.50355 0.94051,-5.1031 0.33595,0.20995 0.42716,1.32365 0.35278,4.30757 -0.0874,3.50543 -0.17992,4.03967 -0.71767,4.1427 -0.55631,0.10659 -0.61323,-0.22442 -0.57562,-3.34717 z m 13.71659,3.11606 c 0,-0.97198 1.4486,-3.5263 2.3258,-4.10104 1.3485,-0.88357 3.1039,-1.04764 3.6873,-0.34464 0.6783,0.81721 1.7569,4.19543 1.3821,4.32883 -0.6842,0.24359 -0.8413,0.0428 -1.386,-1.77055 -0.4822,-1.60563 -0.6987,-1.88776 -1.5218,-1.98351 -0.5297,-0.0616 -0.9596,0.062 -0.9596,0.27595 0,0.21317 -0.3469,0.5159 -0.7709,0.67274 -0.4904,0.18143 -0.9114,0.78588 -1.157,1.66152 -0.2291,0.81656 -0.63303,1.42389 -0.99305,1.49323 -0.33377,0.0643 -0.60685,-0.0404 -0.60685,-0.23253 z m 18.3445,-0.008 c 0,-0.16816 0.3381,-1.11931 0.7513,-2.11368 0.882,-2.12226 2.231,-3.00656 4.0624,-2.66298 1.0179,0.19096 1.2487,0.45324 1.8776,2.13412 0.8644,2.3103 0.887,2.68167 0.1541,2.53317 -0.3182,-0.0645 -0.8165,-0.88072 -1.1465,-1.87796 -0.4521,-1.36617 -0.7692,-1.79016 -1.4065,-1.88043 -1.0605,-0.15019 -2.0307,0.74505 -2.8743,2.65225 -0.596,1.34737 -1.4181,2.05203 -1.4181,1.21551 z m 18.7599,-4.98594 c 0.035,-2.91041 0.1946,-5.29166 0.3536,-5.29166 0.1591,0 0.2892,0.24601 0.2892,0.54668 0,0.30068 0.2577,1.04493 0.5726,1.6539 0.4413,0.85343 0.4817,1.25261 0.1764,1.74158 -0.2179,0.34891 -0.3962,1.9859 -0.3962,3.63777 0,2.43671 -0.1,3.0034 -0.53,3.0034 -0.4509,0 -0.5204,-0.79066 -0.4656,-5.29167 z m -456.873073,3.61598 c -0.55916,-2.15661 -0.60954,-3.71853 -0.12517,-3.88029 0.30011,-0.10022 0.44592,0.28473 0.45646,1.20505 0.009,0.74378 0.22793,1.94763 0.48759,2.67524 0.3949,1.10655 0.39459,1.32291 -0.002,1.32291 -0.2607,0 -0.62835,-0.59531 -0.817,-1.32291 z m 84.62969,-4.32153 c 0,-3.10445 0.13579,-5.64445 0.30176,-5.64445 0.38835,0 0.75086,3.8583 0.75406,8.0257 0.002,2.66654 -0.0942,3.26319 -0.52666,3.26319 -0.44832,0 -0.52916,-0.86234 -0.52916,-5.64444 z m 15.52352,5.55625 c 0.006,-0.42407 2.09794,-5.32716 2.40258,-5.6318 0.84463,-0.84463 0.79003,0.71885 -0.0925,2.64822 -0.49515,1.08253 -0.90028,2.21653 -0.90028,2.52 0,0.31659 -0.30074,0.55177 -0.70556,0.55177 -0.38805,0 -0.70497,-0.0397 -0.70426,-0.0882 z m 48.44778,-0.52917 c 1.35178,-4.15577 2.24912,-5.70244 3.02883,-5.22056 0.27027,0.16704 0.19336,0.49639 -0.2465,1.05558 -0.35164,0.44704 -0.94293,1.70594 -1.31399,2.79757 -0.39204,1.15336 -0.88294,1.98477 -1.1719,1.98477 -0.31489,0 -0.42361,-0.22641 -0.29644,-0.61736 z m 10.16164,-1.68596 c -0.45434,-1.26683 -1.07398,-2.55124 -1.37699,-2.85424 -0.46331,-0.46331 -0.47298,-0.59908 -0.0608,-0.85383 0.71641,-0.44276 1.62797,0.53594 1.91268,2.05351 0.13286,0.70822 0.46608,1.72183 0.74049,2.25248 0.61652,1.19221 0.63301,1.7054 0.0548,1.7054 -0.24427,0 -0.81586,-1.03649 -1.27019,-2.30332 z m 17.115363,1.52498 c -0.19067,-0.7291 -0.043,-1.28529 0.25381,-0.95615 0.35919,0.39828 0.57885,1.73449 0.28513,1.73449 -0.18447,0 -0.427,-0.35025 -0.53894,-0.77834 z m 22.88837,-0.0154 c 0.1303,-0.43656 0.45849,-1.14535 0.72933,-1.57509 0.27084,-0.42973 0.49244,-1.09799 0.49244,-1.48502 0,-0.84775 1.68662,-2.49614 2.55403,-2.49614 0.90632,0 0.75873,0.65792 -0.25077,1.11788 -0.52499,0.2392 -1.0327,0.90273 -1.27638,1.66813 -0.71309,2.23973 -1.44611,3.56399 -1.9728,3.56399 -0.36674,0 -0.44528,-0.22602 -0.27585,-0.79375 z m 11.82053,-0.35278 c -0.23262,-0.63059 -0.76415,-1.8609 -1.18117,-2.73402 -0.41703,-0.87313 -0.81481,-1.70657 -0.88398,-1.85209 -0.0692,-0.14552 0.20839,-0.26458 0.61677,-0.26458 0.44446,0 0.86497,0.31863 1.04755,0.79375 0.16776,0.43656 0.7081,1.78594 1.20075,2.99861 0.82431,2.02907 0.84499,2.20486 0.25937,2.20486 -0.39598,0 -0.7961,-0.43306 -1.05929,-1.14653 z m 16.12415,0.943 c -0.14552,-0.14676 -0.25975,-0.67694 -0.25385,-1.17818 0.009,-0.79955 0.0556,-0.83425 0.37651,-0.2829 0.40174,0.69023 0.30115,1.88848 -0.12266,1.46108 z m 8.20209,-3.4514 c 0,-2.01021 0.11248,-4.43114 0.24995,-5.37986 l 0.24996,-1.72493 0.36741,2.25048 c 0.52265,3.20145 0.2961,8.50924 -0.36319,8.50924 -0.40455,0 -0.50413,-0.72196 -0.50413,-3.65493 z m 15.52222,3.47376 c 0,-0.0996 0.13937,-0.45684 0.30971,-0.79375 0.79889,-1.58014 1.45418,-3.33998 1.45418,-3.90538 0,-0.73242 0.6548,-1.4697 1.30527,-1.4697 0.63399,0 0.57825,0.93694 -0.0705,1.18591 -0.29104,0.11168 -0.52625,0.40648 -0.52268,0.6551 0.004,0.24863 -0.27424,1.3635 -0.61736,2.4775 -0.44757,1.45314 -0.79829,2.02631 -1.24121,2.02848 -0.33955,0.002 -0.61736,-0.0785 -0.61736,-0.17816 z m 11.18029,-0.0834 c -0.0826,-0.14552 -0.4299,-1.13771 -0.7717,-2.20486 -0.34181,-1.06715 -0.87257,-2.22778 -1.17947,-2.57918 -0.48323,-0.55328 -0.48937,-0.68132 -0.0458,-0.95545 0.70555,-0.43605 0.99026,-0.061 1.91887,2.52768 0.44228,1.23292 0.92032,2.51948 1.06233,2.85903 0.18122,0.43328 0.0954,0.61736 -0.28789,0.61736 -0.30034,0 -0.61369,-0.11906 -0.69632,-0.26458 z m 15.86067,-1.05833 c -0.1187,-0.72761 -0.31686,-1.75948 -0.44035,-2.29306 -0.13529,-0.58457 -0.0774,-0.97014 0.1456,-0.97014 0.43092,0 0.62524,0.60244 0.9388,2.91042 0.26937,1.98273 -0.32502,2.30831 -0.64405,0.35278 z m 31.3476,0.70555 c 0.14064,-0.33955 0.44309,-1.32106 0.6721,-2.18113 0.57508,-2.15973 1.27401,-2.32699 0.87856,-0.21024 -0.1652,0.88424 -0.46906,1.92294 -0.67526,2.30822 -0.46651,0.87168 -1.23214,0.94441 -0.8754,0.0831 z m 14.98921,0.30118 c 0,-0.20235 0.3175,-0.93319 0.70556,-1.6241 0.38805,-0.6909 0.70555,-1.53915 0.70555,-1.885 0,-0.95269 1.94449,-2.66628 2.6976,-2.37728 0.55557,0.21319 0.52163,0.32323 -0.31341,1.01596 -0.51506,0.42729 -1.31155,1.72907 -1.76999,2.89285 -0.49561,1.25812 -1.07512,2.1625 -1.42942,2.23073 -0.32774,0.0631 -0.59589,-0.0508 -0.59589,-0.25316 z m 13.58542,-0.031 c -0.118,-0.19094 -0.45362,-1.15219 -0.74581,-2.13611 -0.2922,-0.98392 -0.85589,-2.11358 -1.25266,-2.51034 -0.51932,-0.51933 -0.614,-0.82879 -0.33801,-1.10478 0.27599,-0.27599 0.63174,-0.15007 1.27,0.44955 0.48764,0.45811 0.88662,1.03022 0.88662,1.27136 0,0.34962 0.90067,2.54183 1.68979,4.11289 0.20002,0.39822 -1.2622,0.31826 -1.50993,-0.0826 z m 15.21643,-0.17772 c -0.47363,-1.23428 -0.66318,-4.06124 -0.2723,-4.06124 0.21903,0 0.39823,0.45686 0.39823,1.01525 0,0.55839 0.24025,1.59026 0.5339,2.29306 0.45132,1.08015 0.45715,1.2778 0.0377,1.2778 -0.27288,0 -0.58679,-0.23619 -0.69757,-0.52487 z m 7.26439,-1.5036 c 0.75294,-2.24953 1.3282,-3.10947 1.3282,-1.98548 0,1.20032 -1.09764,4.01395 -1.5659,4.01395 -0.3256,0 -0.26329,-0.5317 0.2377,-2.02847 z m 14.90421,0.27631 c 0.48833,-0.96369 0.88788,-2.06342 0.88788,-2.44384 0,-0.85896 1.62257,-2.18608 2.33739,-1.91178 0.42728,0.16396 0.35542,0.38342 -0.37529,1.14612 -0.49707,0.51883 -0.90376,1.06396 -0.90376,1.2114 0,0.14744 -0.33705,1.05157 -0.749,2.00917 -0.52038,1.20965 -0.95291,1.74109 -1.41706,1.74109 -0.62604,0 -0.61222,-0.11017 0.21984,-1.75216 z m 10.62758,0.33391 c -0.31211,-0.78004 -0.56748,-1.63175 -0.56748,-1.8927 0,-0.26095 -0.32936,-0.89317 -0.73191,-1.40493 -0.65081,-0.82737 -0.66847,-0.95482 -0.15944,-1.15016 0.57774,-0.22169 1.56363,0.71464 1.58569,1.50599 0.006,0.22135 0.32523,1.09447 0.70903,1.94028 0.83005,1.82926 0.88433,2.41977 0.22244,2.41977 -0.26998,0 -0.74623,-0.63821 -1.05833,-1.41825 z m 15.53124,0.99964 c -0.0682,-0.25483 -0.31459,-1.05605 -0.54743,-1.78049 -0.2851,-0.88702 -0.31038,-1.51902 -0.0774,-1.93529 0.29914,-0.53454 0.37814,-0.47568 0.58416,0.43521 0.13102,0.57934 0.36843,1.56804 0.52757,2.1971 0.16771,0.66298 0.15227,1.22847 -0.0367,1.34528 -0.17934,0.11084 -0.38191,-0.007 -0.45015,-0.26181 z M -77.728073,147.6375 c -1.01563,-2.36214 -1.29414,-3.61597 -0.80322,-3.61597 0.22196,0 0.7154,0.75406 1.09653,1.67569 0.38113,0.92163 0.85174,1.95136 1.0458,2.28827 0.48881,0.84867 0.44086,1.3277 -0.1329,1.3277 -0.26715,0 -0.80994,-0.75406 -1.20621,-1.67569 z m -67.410757,-0.27105 c -0.59938,-0.68266 -1.19774,-1.67485 -1.3297,-2.20486 -0.13196,-0.53002 -0.44003,-1.12242 -0.68461,-1.31645 -0.29077,-0.23068 -0.48014,-1.57377 -0.54712,-3.88056 -0.0815,-2.80574 0.0163,-3.70828 0.47755,-4.40972 0.319,-0.48507 0.77574,-1.31851 1.01497,-1.85208 0.23923,-0.53358 0.56119,-0.97014 0.71545,-0.97014 0.15427,0 0.86532,-0.39688 1.58011,-0.88194 1.49457,-1.01425 1.90671,-1.09226 1.90671,-0.36092 0,0.64193 -1.57514,1.72065 -2.19356,1.50224 -0.27339,-0.0966 -0.87214,0.65629 -1.51383,1.90345 -1.02751,1.99698 -1.05454,2.17203 -0.8424,5.45554 0.12054,1.8658 0.38722,3.49622 0.59262,3.62317 0.2054,0.12694 0.4791,0.65173 0.60822,1.16619 0.12912,0.51446 0.70289,1.35248 1.27504,1.86227 0.57214,0.50978 0.94596,1.07946 0.83071,1.26594 -0.35676,0.57725 -0.76038,0.38461 -1.89016,-0.90213 z m 146.0082367,0.91977 c 0,-0.17678 0.45611,-0.70521 1.01358,-1.17429 1.13413,-0.9543 1.84218,-2.11898 2.0912,-3.43984 0.38217,-2.02704 0.31056,-6.49793 -0.11814,-7.37623 -0.24628,-0.50456 -0.69895,-1.5127 -1.00595,-2.2403 -0.56198,-1.33198 -1.27513,-1.7759 -1.27513,-0.79375 0,0.29104 -0.25074,0.52916 -0.5572,0.52916 -0.44383,0 -0.50722,-0.23326 -0.31157,-1.14652 0.30298,-1.41421 0.47133,-1.61321 0.84851,-1.00293 0.16178,0.26178 0.45794,0.37473 0.65812,0.25101 0.43853,-0.27103 1.83105,1.40844 1.8329,2.2106 7.3e-4,0.31338 0.29692,1.05452 0.6582,1.64697 0.52073,0.85392 0.64408,1.69476 0.59511,4.05694 -0.0884,4.26666 -0.86959,6.75791 -2.52804,8.06245 -0.97677,0.76833 -1.90159,0.971 -1.90159,0.41673 z M 100.94082,146.96134 c -0.36596,-0.36596 -0.27652,-1.5287 0.11759,-1.5287 0.19403,0 0.35278,0.39687 0.35278,0.88194 0,0.9236 -0.0815,1.03564 -0.47037,0.64676 z m 50.43763,-0.01 c -0.3408,-0.3408 -0.27041,-1.87189 0.0861,-1.87189 0.39122,0 0.74319,1.7244 0.39579,1.93911 -0.14094,0.0871 -0.35778,0.0569 -0.48185,-0.0672 z M -81.190553,140.8341 c -0.808,-1.5763 -1.30075,-2.9216 -1.11267,-3.03784 0.18566,-0.11474 0.53619,0.009 0.77894,0.27409 0.7585,0.82954 2.97914,5.16718 2.75835,5.38797 -0.55712,0.55712 -1.08891,-0.0185 -2.42462,-2.62422 z m 19.97108,2.50228 c 0,-0.18257 0.14661,-0.42257 0.3258,-0.53331 0.1792,-0.11075 0.59708,-1.03293 0.92863,-2.0493 0.33155,-1.01636 0.75371,-2.03879 0.93813,-2.27206 0.18442,-0.23327 0.3774,-0.80752 0.42884,-1.27611 0.0514,-0.4686 0.51454,-1.40398 1.02912,-2.07862 0.51457,-0.67464 0.93559,-1.42527 0.93559,-1.66806 0,-0.58731 1.13648,-2.49058 1.48717,-2.49058 0.59555,0 0.19756,1.34891 -1.14367,3.87623 -0.77101,1.45283 -1.40183,2.80832 -1.40183,3.01221 0,0.20389 -0.29981,0.95877 -0.66625,1.67751 -0.36643,0.71875 -0.92077,1.94294 -1.23186,2.72043 -0.49606,1.23977 -1.62967,1.99218 -1.62967,1.08166 z M 100.0046,142.16903 c -0.206503,-0.82461 -0.609493,-2.02062 -0.895543,-2.6578 -0.66716,-1.48609 -0.65659,-1.91948 0.0434,-1.77778 0.35541,0.0719 0.874703,1.091 1.406393,2.75989 0.99634,3.12735 1.00139,3.175 0.33681,3.175 -0.31247,0 -0.66347,-0.59062 -0.89102,-1.49931 z m 9.87325,1.01323 c 0,-0.48755 0.66053,-2.22288 1.66131,-4.36461 0.29467,-0.63059 0.75579,-1.14653 1.02472,-1.14653 0.65157,0 0.62729,0.15978 -0.34307,2.25789 -0.45763,0.98948 -1.00985,2.23562 -1.22716,2.76919 -0.41348,1.01525 -1.1158,1.31992 -1.1158,0.48406 z m 40.80814,0.2215 c -0.0856,-0.14552 -0.26915,-0.82021 -0.40778,-1.49931 -0.13863,-0.6791 -0.55418,-1.75973 -0.92343,-2.40141 -0.81446,-1.41535 -0.8427,-1.83192 -0.1242,-1.83192 0.73509,0 2.87553,5.27915 2.3525,5.80218 -0.27581,0.27581 -0.71381,0.24186 -0.89709,-0.0695 z m 50.75251,-1.55948 c -0.29793,-1.00324 -0.78693,-2.19835 -1.08667,-2.6558 -0.5833,-0.89024 -0.42942,-1.51736 0.37233,-1.51736 0.50356,0 2.3738,5.21584 2.05554,5.73264 -0.39752,0.64552 -0.83874,0.13249 -1.3412,-1.55948 z m 34.02824,1.42112 c 0,-1.09465 1.518,-5.30466 1.97608,-5.48045 0.86085,-0.33034 0.98842,0.15438 0.41009,1.55827 -0.30055,0.72958 -0.74768,2.0012 -0.99361,2.82581 -0.39984,1.34066 -1.39256,2.12224 -1.39256,1.09637 z m 41.51541,0.13836 c -0.0847,-0.14552 -0.41366,-1.16932 -0.73101,-2.2751 -0.31735,-1.10579 -0.73367,-2.10734 -0.92515,-2.22568 -0.60406,-0.37334 -0.37719,-1.23186 0.32554,-1.23186 0.52514,0 0.87331,0.59376 1.57913,2.69305 0.498,1.48118 0.82048,2.83055 0.71662,2.99861 -0.23219,0.37569 -0.75733,0.39798 -0.96513,0.041 z m 9.09377,-0.35278 c 0.13059,-0.33955 0.562,-1.62127 0.95869,-2.84826 0.66105,-2.04469 1.39829,-2.95247 1.94986,-2.4009 0.11983,0.11982 -0.0333,0.73475 -0.34017,1.3665 -0.30691,0.63175 -0.8218,1.90269 -1.14419,2.82433 -0.35324,1.00981 -0.79985,1.67569 -1.12391,1.67569 -0.36739,0 -0.46251,-0.19556 -0.30028,-0.61736 z m 38.63486,-0.28755 c -0.18922,-0.4977 -0.34404,-1.09536 -0.34404,-1.32814 0,-0.23278 -0.32878,-1.03666 -0.73063,-1.78641 -0.51939,-0.96908 -0.62138,-1.47242 -0.35277,-1.74103 0.63059,-0.63059 1.00347,0.0567 2.31171,4.26118 0.3987,1.28136 0.39335,1.49931 -0.0369,1.49931 -0.27685,0 -0.65819,-0.40721 -0.84742,-0.90491 z m -433.8295,0.003 c -0.58152,-0.40732 -0.78404,-0.90333 -0.78404,-1.92027 0,-1.01695 0.20252,-1.51296 0.78404,-1.92028 1.70008,-1.19079 3.91963,-0.13711 3.91963,1.86075 0,2.16051 -2.12746,3.23509 -3.91963,1.9798 z m 9.526997,0.11519 c -1.654547,-0.79739 -1.392947,-3.68329 0.39075,-4.31058 2.47292,-0.86968 4.21292,2.3726 2.14587,3.99855 -1.057,0.83143 -1.37716,0.87081 -2.53662,0.31203 z m 24.13989,-0.34436 c -0.19066,-0.7291 -0.043,-1.28529 0.25381,-0.95615 0.35919,0.39828 0.57885,1.73449 0.28514,1.73449 -0.18448,0 -0.427,-0.35025 -0.53895,-0.77834 z m 10.51324,-0.0154 c 0.13405,-0.43656 0.40902,-1.50812 0.61105,-2.38125 0.20202,-0.87312 0.53722,-1.79803 0.74487,-2.05536 0.27318,-0.33852 0.25273,-0.545 -0.074,-0.74693 -0.36221,-0.22386 -0.34843,-0.48029 0.0697,-1.29603 0.28668,-0.55933 0.72379,-1.92977 0.97135,-3.04543 0.27451,-1.23712 0.63464,-2.02847 0.92313,-2.02847 0.60033,0 0.59915,0.015 -0.25009,3.175 -0.39108,1.45521 -0.78248,3.12208 -0.86978,3.70417 -0.49497,3.30037 -1.21378,5.46805 -1.81323,5.46805 -0.41436,0 -0.49439,-0.20296 -0.31298,-0.79375 z m 20.67037,0.17364 c -1.66263,-1.34631 -0.60122,-4.31878 1.54214,-4.31878 2.12929,0 3.08084,2.87848 1.39098,4.20773 -1.13651,0.89398 -1.92919,0.92399 -2.93312,0.11105 z m 9.7092,0.0663 c -1.53272,-1.53272 -0.65883,-4.10269 1.46766,-4.31617 0.81707,-0.082 1.24774,0.11736 1.81721,0.84132 0.97516,1.23973 0.94262,2.10059 -0.11956,3.16277 -0.98858,0.98858 -2.35417,1.12322 -3.16531,0.31208 z m 81.9951,0.14064 c 0,-0.22726 0.25896,-0.69934 0.57547,-1.04908 0.38621,-0.42676 0.56232,-1.219 0.53551,-2.40903 -0.0244,-1.08281 0.11174,-1.77314 0.34968,-1.77314 0.26316,0 0.27603,-0.14312 0.0397,-0.44097 -0.19249,-0.24254 -0.46169,-1.07598 -0.59823,-1.85209 -0.13654,-0.77611 -0.55412,-1.93612 -0.92795,-2.5778 -0.82538,-1.41679 -0.82965,-1.47914 -0.10121,-1.47914 0.81121,0 1.51146,1.04302 1.53947,2.29305 0.0131,0.58209 0.24128,1.45131 0.50717,1.93162 0.61077,1.10326 0.32193,5.82278 -0.42694,6.97602 -0.54419,0.83804 -1.49262,1.07985 -1.49262,0.38056 z m 30.13234,0.0898 c -0.50198,-0.5046 0.11561,-0.73495 1.97044,-0.73495 1.16418,0 2.11668,0.14406 2.11668,0.32013 0,0.31519 -3.80233,0.70111 -4.08712,0.41482 z m 52.064993,-0.24366 c 0,-0.35544 0.49589,-0.49129 1.79329,-0.49129 1.27774,0 1.75108,0.12677 1.64647,0.44097 -0.21473,0.64496 -3.43976,0.69213 -3.43976,0.0503 z m 127.44097,0.28402 c -2.55398,-0.14704 -2.33957,-0.77531 0.26458,-0.77531 1.16417,0 2.11667,0.14938 2.11667,0.33196 0,0.49551 -0.34844,0.56039 -2.38125,0.44335 z m 48.14136,0.0644 c -0.5928,-0.5928 -0.13948,-0.83975 1.54151,-0.83975 1.27678,0 1.75152,0.12701 1.64827,0.44097 -0.15782,0.47993 -2.78072,0.80783 -3.18978,0.39878 z m -125.48789,-0.48658 c 0,-0.1956 0.9338,-0.35278 2.09585,-0.35278 1.15271,0 2.19396,0.15875 2.31387,0.35278 0.13689,0.22149 -0.64309,0.35277 -2.09584,0.35277 -1.3074,0 -2.31388,-0.15344 -2.31388,-0.35277 z M 29.444417,141.22584 c 0,-0.51483 0.44692,-0.81003 1.84832,-1.22084 1.0538,-0.30891 1.98079,-0.40935 2.15649,-0.23366 0.53944,0.53944 -0.12656,1.07519 -1.33661,1.07519 -0.64388,0 -1.36833,0.23812 -1.60987,0.52916 -0.6037,0.72742 -1.05833,0.66305 -1.05833,-0.14985 z m -42.85035,-1.88085 c -0.38137,-0.62936 -0.70089,-1.33153 -0.71006,-1.56037 -0.009,-0.22884 -0.11349,-0.5129 -0.23184,-0.63126 -0.11835,-0.11835 -0.13833,-0.89699 -0.0444,-1.73032 0.11238,-0.99703 -0.0236,-1.89105 -0.39768,-2.61442 -0.71235,-1.37753 -0.7177,-1.83987 -0.0213,-1.83987 0.85404,0 1.62593,2.3096 1.53299,4.5869 -0.0665,1.62915 0.0681,2.22109 0.6824,3.0021 0.42087,0.53505 0.76522,1.18953 0.76522,1.45441 0,0.86799 -0.8678,0.50047 -1.57534,-0.66717 z m 345.181003,0.4432 c 0,-0.38805 0.15875,-0.70555 0.35278,-0.70555 0.19402,0 0.35277,0.3175 0.35277,0.70555 0,0.38806 -0.15875,0.70556 -0.35277,0.70556 -0.19403,0 -0.35278,-0.3175 -0.35278,-0.70556 z m -407.914023,-0.61535 c -0.20735,-1.08467 -0.0132,-1.61463 0.47997,-1.30986 0.41805,0.25837 0.4329,2.27799 0.0168,2.27799 -0.17141,0 -0.39493,-0.43566 -0.49672,-0.96813 z m 134.36402,0.6627 c -0.15197,-0.24588 -0.18104,-0.54234 -0.0646,-0.65878 0.31572,-0.31572 0.65996,0.14863 0.48943,0.66021 -0.11949,0.35848 -0.20258,0.3582 -0.42485,-0.001 z M 330.9478,137.02639 c -0.80908,-0.89403 -0.85569,-6.05764 -0.0547,-6.05764 0.42256,0 0.52917,0.52437 0.52917,2.60264 0,1.87453 0.14695,2.72459 0.52528,3.03858 0.50892,0.42236 0.42543,1.06156 -0.13865,1.06156 -0.1525,0 -0.54001,-0.29031 -0.86112,-0.64514 z m -461.66438,-0.068 c 0,-0.19819 0.38236,-0.95225 0.84969,-1.6757 0.46732,-0.72344 0.95378,-1.82032 1.08101,-2.4375 0.24707,-1.19857 1.00869,-2.06371 1.53202,-1.74028 0.17525,0.10831 -0.0956,1.04239 -0.6019,2.07572 -0.5063,1.03334 -1.13229,2.38714 -1.39108,3.00845 -0.43642,1.04772 -1.46974,1.5886 -1.46974,0.76931 z m 46.985217,-0.45147 c -0.42429,-0.45164 -0.77144,-0.9718 -0.77144,-1.15591 0,-0.18412 -0.55563,-1.15981 -1.23472,-2.16821 -1.32931,-1.9739 -1.50524,-2.56685 -0.76163,-2.56685 0.26021,0 0.91767,0.83344 1.46104,1.85209 0.54336,1.01864 1.38066,2.38145 1.86067,3.02845 1.05967,1.42835 0.60974,2.24909 -0.55392,1.01043 z m 6.68021,-2.17403 c -0.8903,-3.54973 -0.8773,-3.36416 -0.23569,-3.36416 0.31874,0 0.59647,0.50124 0.73301,1.32292 0.1209,0.7276 0.4456,2.02588 0.72154,2.88506 0.62156,1.93534 0.6231,2.14202 0.0159,2.14202 -0.31536,0 -0.74864,-1.04776 -1.23472,-2.98584 z m 135.07056,-0.21856 c 0,-2.40623 0.10984,-3.16801 0.44098,-3.05833 0.29658,0.0982 0.47434,1.14748 0.5429,3.20439 0.0854,2.56188 0.0138,3.05834 -0.44097,3.05834 -0.44884,0 -0.54291,-0.5552 -0.54291,-3.2044 z m 39.69667,2.16359 c -0.62588,-1.21032 -0.68367,-1.78141 -0.18026,-1.78141 0.46431,0 1.77702,2.1544 1.54321,2.53271 -0.34129,0.55222 -0.82745,0.28423 -1.36295,-0.7513 z m 15.069193,0.63212 c -0.30973,-0.30974 -0.15598,-0.72776 0.635,-1.72646 0.57403,-0.72477 1.0437,-1.56056 1.0437,-1.8573 0,-0.8445 1.80288,-2.81244 2.20665,-2.40868 0.22377,0.22378 8.2e-4,0.79444 -0.63718,1.63091 -0.53977,0.70767 -1.34454,2.07047 -1.78837,3.02845 -0.89066,1.92239 -0.88012,1.91276 -1.4598,1.33308 z m 47.53981,-2.58992 c 0,-2.43025 0.10029,-2.99861 0.52916,-2.99861 0.42887,0 0.52917,0.56836 0.52917,2.99861 0,2.43025 -0.1003,2.99861 -0.52917,2.99861 -0.42887,0 -0.52916,-0.56836 -0.52916,-2.99861 z m 48.0119,0 c 0.0251,-2.32544 0.14375,-2.99861 0.52831,-2.99861 0.38711,0 0.49589,0.6578 0.49589,2.99861 0,2.42809 -0.10051,2.99861 -0.52831,2.99861 -0.43033,0 -0.52229,-0.55609 -0.49589,-2.99861 z m 16.97366,-0.0597 c 0.0686,-2.05691 0.24632,-3.10616 0.5429,-3.20439 0.33114,-0.10968 0.44098,0.6521 0.44098,3.05833 0,2.6492 -0.0941,3.2044 -0.5429,3.2044 -0.45478,0 -0.52636,-0.49646 -0.44098,-3.05834 z m 63.43516,2.71151 c -0.42329,-0.26161 -0.31418,-0.56567 0.62031,-1.72851 0.62368,-0.77609 1.13475,-1.61881 1.13571,-1.87272 0.003,-0.70694 1.66026,-2.61667 1.98848,-2.29097 0.15927,0.15805 -0.006,0.79305 -0.36688,1.41111 -0.36104,0.61807 -1.04105,1.83813 -1.51112,2.71125 -1.08096,2.00782 -1.23898,2.15766 -1.8665,1.76984 z m 92.18112,-0.27053 c -0.1182,-0.33955 -0.6483,-1.75919 -1.178,-3.15476 -0.7681,-2.02335 -0.8653,-2.57497 -0.4797,-2.72292 0.4574,-0.17554 1.542,1.75929 1.542,2.75099 0,0.22171 0.3175,0.9955 0.7055,1.71952 0.3881,0.72403 0.7056,1.47574 0.7056,1.67047 0,0.60523 -1.0687,0.388 -1.2954,-0.2633 z M 9.2846367,136.17047 c -0.60428,-0.51275 -1.00846,-1.28953 -1.14634,-2.20311 -0.11712,-0.77611 -0.31093,-1.7683 -0.43067,-2.20486 -0.15689,-0.57195 -0.067,-0.79375 0.32158,-0.79375 0.36033,0 0.62172,0.49756 0.78767,1.49931 0.32906,1.98644 0.73889,2.70089 1.7753703,3.09496 0.98765,0.3755 1.16608,1.40382 0.24314,1.4012 -0.33955,-9.6e-4 -1.0373903,-0.35815 -1.5507503,-0.79375 z M 147.61553,135.81945 c -0.24635,-0.6306 -0.9231,-1.90985 -1.50389,-2.8428 -0.69257,-1.11253 -0.9365,-1.81574 -0.70881,-2.04343 0.45337,-0.45338 0.75015,-0.0672 2.53512,3.29873 1.26985,2.39457 1.36765,2.73402 0.78768,2.73402 -0.42001,0 -0.82599,-0.4193 -1.1101,-1.14652 z m 51.47949,0.17638 c -0.2053,-0.53357 -0.75752,-1.7664 -1.22716,-2.73962 -1.00443,-2.08141 -1.03189,-2.28746 -0.30489,-2.28746 0.32097,0 0.84136,0.696 1.25289,1.6757 0.38714,0.92163 0.93384,2.09706 1.21489,2.61206 0.65482,1.19995 0.64715,1.70946 -0.0257,1.70946 -0.2952,0 -0.7047,-0.43656 -0.90999,-0.97014 z m 38.48839,0.69174 c 0,-0.18157 0.47625,-0.92942 1.05833,-1.66187 0.58208,-0.73246 1.05833,-1.60601 1.05833,-1.94122 0,-0.33521 0.33793,-1.03907 0.75095,-1.56415 1.09701,-1.39462 1.58746,-0.61496 0.63192,1.00456 -0.42415,0.71889 -1.10725,1.97254 -1.518,2.78588 -0.66634,1.31948 -1.98153,2.23329 -1.98153,1.3768 z m 36.81107,-0.51535 c -0.1924,-0.43656 -0.78968,-1.69772 -1.32729,-2.80257 -1.16405,-2.39224 -0.87566,-3.53931 0.37174,-1.4786 0.45636,0.75392 0.83409,1.60888 0.8394,1.89992 0.005,0.29104 0.32009,0.92604 0.69952,1.41111 0.37943,0.48507 0.6934,1.08039 0.69771,1.32292 0.0132,0.74342 -0.91002,0.48918 -1.28108,-0.35278 z m 47.739,0 c -1.74028,-2.84443 -2.72402,-4.97342 -2.43268,-5.26476 0.35953,-0.35952 1.09768,0.60177 1.96939,2.56473 0.29327,0.6604 0.87681,1.71666 1.29675,2.34726 0.6363,0.95547 0.67093,1.14652 0.20785,1.14652 -0.30562,0 -0.77421,-0.35718 -1.04131,-0.79375 z M 96.366347,132.83835 c -0.68486,-1.28952 -0.75874,-1.8696 -0.2381,-1.8696 0.4533,0 1.11875,1.6962 0.9579,2.44166 -0.0825,0.38229 -0.30821,0.2029 -0.7198,-0.57206 z m -150.44207,-1.75046 c -0.51648,-0.2084 -0.59917,-1.17747 -0.10047,-1.17747 0.18728,0 0.9098,-0.49985 1.60561,-1.11078 0.95433,-0.83792 1.36489,-1.011 1.67131,-0.70458 0.30642,0.30642 0.0347,0.75261 -1.10602,1.81634 -0.83173,0.77557 -1.53861,1.3976 -1.57085,1.38228 -0.0322,-0.0153 -0.25705,-0.10792 -0.49958,-0.20579 z M 117.12842,130.6461 c -0.10967,-0.17745 0.35721,-0.66665 1.03751,-1.0871 0.68031,-0.42045 1.23692,-0.91026 1.23692,-1.08847 0,-0.1782 0.3175,-0.324 0.70556,-0.324 1.0136,0 0.87219,0.56391 -0.44097,1.75852 -1.15041,1.04655 -2.16686,1.34322 -2.53902,0.74105 z m 176.00298,-0.0536 c -0.1279,-0.20693 -0.17695,-0.41179 -0.10902,-0.45524 0.0679,-0.0435 0.7266,-0.52314 1.4637,-1.06598 0.7777,-0.57274 1.57325,-0.89755 1.8955,-0.77389 0.44256,0.16982 0.29069,0.46269 -0.74793,1.44223 -1.33524,1.25929 -2.09172,1.51713 -2.50225,0.85288 z m -364.228653,-3.15153 c 0,-2.58703 0.098,-3.175 0.52917,-3.175 0.43117,0 0.52917,0.58797 0.52917,3.175 0,2.58704 -0.098,3.175 -0.52917,3.175 -0.43117,0 -0.52917,-0.58796 -0.52917,-3.175 z m 95.69021,2.88373 c -0.31737,-0.20151 -0.14357,-0.50091 0.61736,-1.06349 0.5825,-0.43067 1.0591,-0.98654 1.0591,-1.23529 0,-0.48867 1.85409,-1.99606 2.45515,-1.99606 0.61209,0 0.41318,0.75366 -0.42668,1.61665 -0.43656,0.44859 -1.19063,1.28987 -1.6757,1.86952 -0.93145,1.11306 -1.31137,1.26446 -2.02923,0.80867 z m 33.42645,-2.85433 c 0,-2.6492 0.0941,-3.2044 0.54291,-3.2044 0.45477,0 0.52635,0.49646 0.44097,3.05834 -0.0686,2.05691 -0.24632,3.10616 -0.5429,3.2044 -0.33114,0.10968 -0.44098,-0.65211 -0.44098,-3.05834 z m 102.305673,-0.0294 c 0,-2.58703 0.098,-3.175 0.52916,-3.175 0.43117,0 0.52917,0.58797 0.52917,3.175 0,2.58704 -0.098,3.175 -0.52917,3.175 -0.43117,0 -0.52916,-0.58796 -0.52916,-3.175 z m 47.97777,0 c 0,-2.58703 0.098,-3.175 0.52917,-3.175 0.43117,0 0.52916,0.58797 0.52916,3.175 0,2.58704 -0.098,3.175 -0.52916,3.175 -0.43118,0 -0.52917,-0.58796 -0.52917,-3.175 z m 16.93333,0 c 0,-2.58703 0.098,-3.175 0.52917,-3.175 0.43117,0 0.52917,0.58797 0.52917,3.175 0,2.58704 -0.098,3.175 -0.52917,3.175 -0.43117,0 -0.52917,-0.58796 -0.52917,-3.175 z m 16.93334,2.64584 c 0,-0.29105 0.17702,-0.52917 0.39339,-0.52917 0.21637,0 0.93109,-0.58703 1.58827,-1.3045 0.86619,-0.94567 1.30122,-1.19818 1.58144,-0.91795 0.28022,0.28022 2.4e-4,0.78462 -1.01783,1.83367 -1.42847,1.47194 -2.54527,1.87472 -2.54527,0.91795 z m -386.64443,-0.19045 c 0,-0.20175 0.3175,-0.98918 0.70555,-1.74983 0.38806,-0.76065 0.70556,-1.68924 0.70556,-2.06353 0,-0.90449 1.19359,-2.34588 1.68903,-2.03968 0.27277,0.16858 0.19473,0.58852 -0.25627,1.37905 -0.35665,0.62516 -0.91706,1.9701 -1.24535,2.98874 -0.34942,1.08421 -0.80453,1.85209 -1.09771,1.85209 -0.27545,0 -0.50081,-0.16508 -0.50081,-0.36684 z m 17.49991,0.0746 c -0.12019,-0.19446 0.16127,-0.80492 0.62545,-1.35657 0.46418,-0.55165 1.0868,-1.58419 1.3836,-2.29453 0.58621,-1.40299 1.61031,-2.16645 2.31875,-1.72861 0.32417,0.20035 0.14967,0.52593 -0.63637,1.18733 -0.59566,0.50122 -1.08301,1.2079 -1.08301,1.57042 0,0.80537 -2.30141,3.11872 -2.60842,2.62196 z m 49.172517,0.20405 c -0.001,-0.0485 -0.39823,-1.25434 -0.88195,-2.67962 -1.02576,-3.02246 -1.04917,-3.22941 -0.36526,-3.22941 0.33043,0 0.77177,0.86476 1.23473,2.41929 0.80109,2.68992 0.89236,3.57794 0.36771,3.57794 -0.19402,0 -0.35388,-0.0397 -0.35523,-0.0882 z m 15.87745,-0.27864 c 0,-0.20175 0.29813,-0.95582 0.66251,-1.67569 0.36437,-0.71988 0.77622,-1.83553 0.91521,-2.47923 0.2267,-1.04994 1.01591,-1.82165 1.43469,-1.40288 0.30862,0.30863 -2.12277,5.92464 -2.56501,5.92464 -0.24607,0 -0.4474,-0.16508 -0.4474,-0.36684 z m 45.32335,-1.55953 c -0.53605,-1.0595 -1.34873,-2.27779 -1.80595,-2.70732 -1.01074,-0.94955 -1.05499,-1.36354 -0.14574,-1.36354 0.7357,0 1.77762,1.22389 1.7937,2.10697 0.005,0.29638 0.47722,1.15651 1.04848,1.91141 0.95782,1.26571 1.09262,1.97885 0.37406,1.97885 -0.15944,0 -0.72849,-0.86687 -1.26455,-1.92637 z m 17.3509797,0.0824 c -0.12025,-1.01534 -0.54924,-2.29148 -0.95463,-2.8398 -0.40493,-0.54769 -0.66617,-1.18635 -0.58054,-1.41922 0.0856,-0.23288 -0.17013,-1.01695 -0.56837,-1.74238 -0.39823,-0.72544 -0.61204,-1.43099 -0.47513,-1.5679 0.4061,-0.4061 1.79024,1.22399 1.83106,2.15643 0.0207,0.47351 0.26301,1.13242 0.5384,1.46425 0.27539,0.33183 0.68593,1.49309 0.91231,2.58059 0.22637,1.08749 0.52229,2.25508 0.6576,2.59462 0.18416,0.46215 0.0715,0.61737 -0.44815,0.61737 -0.57397,0 -0.73197,-0.31927 -0.91255,-1.84397 z m 6.82421,1.2266 c 7.3e-4,-0.33954 0.31823,-1.13713 0.70556,-1.77241 0.38733,-0.63528 0.70424,-1.43449 0.70424,-1.77602 0,-0.65668 1.8589303,-1.97157 2.2435503,-1.58695 0.47027,0.47027 0.19766,1.12186 -0.51472,1.23029 -0.70409,0.10717 -1.4475203,1.51069 -1.9750703,3.72871 -0.22188,0.93285 -1.16548,1.0759 -1.16356,0.17638 z m 37.3660103,-1.62297 c -0.67922,-1.45147 -1.36292,-2.38366 -1.94164,-2.64734 -0.83875,-0.38216 -0.89995,-1.10955 -0.0934,-1.10955 0.65209,0 2.45353,1.47188 2.31125,1.88842 -0.076,0.22255 0.23369,0.9968 0.68826,1.72055 0.87815,1.39815 1.06685,2.38826 0.45518,2.38826 -0.20422,0 -0.84308,-1.00816 -1.41969,-2.24034 z m 49.39865,1.15751 c -0.42407,-0.59556 -1.14926,-1.22663 -1.61153,-1.40238 -0.91758,-0.34887 -1.00376,-0.59311 -0.49234,-1.39535 0.41355,-0.64873 1.38939,-0.15379 1.97625,1.00234 0.21125,0.41618 0.64781,1.0481 0.97014,1.40426 0.32232,0.35616 0.58604,0.8335 0.58604,1.06076 0,0.73792 -0.63986,0.43798 -1.42856,-0.66963 z m 48.259823,-0.35768 c -0.7276,-0.75995 -1.32291,-1.54047 -1.32291,-1.73449 0,-0.54679 0.97829,-0.41607 1.48539,0.19848 0.25019,0.3032 0.88703,0.9605 1.41521,1.46068 0.93684,0.88718 1.01009,1.54554 0.16538,1.48644 -0.23108,-0.0162 -1.01546,-0.65117 -1.74307,-1.41111 z m 52.56389,-0.0441 c -1.21897,-1.35567 -1.73835,-2.74875 -1.02482,-2.74875 0.37831,0 1.46579,1.18856 1.46579,1.60203 0,0.17146 0.42248,0.64862 0.93885,1.06036 0.54504,0.4346 0.83226,0.92108 0.68474,1.15978 -0.39361,0.63687 -0.64361,0.50688 -2.06456,-1.07342 z m 121.69173,0.14679 c -1.33864,-1.37088 -1.65725,-2.18998 -0.85186,-2.18998 0.41767,0 3.07332,2.87778 3.07332,3.33038 0,0.58588 -1.07434,0.0344 -2.22146,-1.1404 z m 13.86312,1.05926 c 0,-0.64575 1.4463,-3.60202 1.76223,-3.60202 0.17495,0 0.74633,-0.39688 1.26972,-0.88194 0.78554,-0.72801 1.32749,-0.88847 3.10498,-0.91933 3.52016,-0.0611 4.10641,0.0518 5.85404,1.1271 1.9126,1.17683 2.12015,1.22556 2.12015,0.49778 0,-0.29104 0.16811,-0.52917 0.37359,-0.52917 0.20548,0 0.28227,0.14779 0.17064,0.32841 -0.50605,0.8188 0.56321,0.60823 2.13824,-0.42107 1.6246,-1.0618 1.932,-1.13182 5.1737,-1.17885 1.8956,-0.0275 3.5321,0.0886 3.6368,0.25798 0.1047,0.16939 0.816,0.30798 1.5806,0.30798 1.0918,0 1.3903,0.13328 1.3903,0.62069 0,0.34139 0.3237,0.82283 0.7193,1.06988 0.3955,0.24704 0.6243,0.60273 0.5083,0.79041 -0.3888,0.62911 -1.2389,0.34962 -1.6445,-0.5407 -0.2884,-0.63293 -0.6788,-0.88195 -1.3828,-0.88195 -0.5395,0 -1.079,-0.15875 -1.1989,-0.35278 -0.1199,-0.19402 -1.5732,-0.35277 -3.2295,-0.35277 -2.3384,0 -3.2209,0.14395 -3.948,0.64396 -0.515,0.35418 -1.4543,0.85052 -2.0874,1.10299 -0.7052,0.28124 -1.23241,0.78333 -1.36116,1.29632 -0.27628,1.10077 -0.53723,1.05353 -1.26729,-0.22941 -0.33246,-0.58422 -0.88809,-1.15129 -1.23473,-1.26016 -0.34664,-0.10886 -1.08376,-0.4426 -1.63806,-0.74163 -0.64321,-0.34699 -1.87889,-0.53549 -3.41564,-0.52103 -2.90665,0.0273 -4.83736,1.05238 -5.85673,3.1094 -0.61805,1.24718 -1.53788,2.00075 -1.53788,1.25991 z m 46.32139,-0.95176 c -0.3227,-0.67666 -0.4779,-1.33912 -0.3449,-1.47214 0.3152,-0.31519 2.39,2.00616 2.146,2.40098 -0.4111,0.66517 -1.2464,0.2344 -1.8011,-0.92884 z m -467.109633,-1.78692 c -1.75176,-2.08554 -2.09983,-2.6849 -1.65775,-2.85454 0.75983,-0.29157 2.28757,1.19711 2.28757,2.22908 0,0.47557 0.21168,0.82045 0.50356,0.82045 0.61777,0 2.02987,1.72774 1.76387,2.15813 -0.34865,0.56413 -0.65777,0.31307 -2.89725,-2.35312 z m 360.166253,1.6061 c -0.43035,-0.58208 -1.02747,-1.05833 -1.32693,-1.05833 -0.32865,0 -0.49735,-0.24471 -0.42558,-0.61736 0.15875,-0.82435 1.34487,-0.78734 1.83467,0.0572 0.21517,0.37103 0.66904,0.96634 1.00859,1.32292 0.33955,0.35657 0.61736,0.80706 0.61736,1.00109 0,0.71412 -0.94801,0.32253 -1.70811,-0.70556 z m 92.46628,-0.26458 c -0.13,-0.33955 -0.5616,-0.88989 -0.9591,-1.22298 -0.7178,-0.60157 -0.7163,-0.60571 0.2229,-0.61737 0.6994,-0.009 0.982,-0.21846 1.0854,-0.80548 l 0.1397,-0.79375 0.3554,0.85279 0.3554,0.85279 1.1692,-1.11738 c 1.1423,-1.09163 1.2452,-1.11737 4.4683,-1.11737 2.7649,0 3.2991,0.0898 3.2991,0.55474 0,0.4411 -0.3795,0.54335 -1.8521,0.4991 -3.9498,-0.11869 -4.5023,-0.0271 -5.349,0.88644 -0.4495,0.48507 -1.0769,0.88194 -1.3942,0.88194 -0.3802,0 -0.5769,0.30074 -0.5769,0.88195 0,1.01222 -0.6134,1.18056 -0.9641,0.26458 z M 74.822247,128.22078 c -0.0986,-0.15953 -0.18844,-2.54336 -0.19966,-5.29742 -0.0177,-4.33468 0.0544,-5.00739 0.53634,-5.00739 0.47147,0 0.54728,0.49981 0.49493,3.2632 -0.0862,4.55178 -0.10112,4.45947 0.6861,4.2536 0.55746,-0.14578 0.64495,-0.0379 0.48021,0.59205 -0.11079,0.42367 -0.41754,0.85324 -0.68165,0.95459 -0.26412,0.10135 -0.48022,0.39604 -0.48022,0.65488 0,0.57421 -0.5885,0.98704 -0.83605,0.58649 z m 101.960603,-3.48052 c -0.356,-5.81831 -0.31189,-6.82429 0.29917,-6.82429 0.43969,0 0.52917,0.68596 0.52917,4.05695 0,2.23132 0.12068,4.05694 0.26818,4.05694 0.14751,0 0.6962,-0.39687 1.21933,-0.88194 0.90512,-0.83927 1.15671,-0.88195 5.19987,-0.88195 2.82615,0 4.24873,0.1285 4.24873,0.38379 0,0.2523 0.48345,0.30211 1.41111,0.14538 1.13804,-0.19227 1.41111,-0.1334 1.41111,0.30424 0,0.29845 0.27649,0.69738 0.61442,0.88649 0.69546,0.3892 0.59963,0.55991 -0.50474,0.89907 -0.57001,0.17505 -0.87354,0.0479 -1.15894,-0.48535 -0.21267,-0.39738 -0.68922,-0.72251 -1.059,-0.72251 -0.36978,0 -0.78294,-0.17898 -0.91814,-0.39774 -0.17386,-0.28131 -1.41858,-0.32552 -4.25239,-0.15101 -3.79144,0.23348 -4.06112,0.30127 -5.02233,1.26248 -0.55866,0.55866 -1.11009,1.26161 -1.22541,1.56212 -0.50554,1.31743 -0.84611,0.28538 -1.06014,-3.21267 z m 122.20002,2.54377 c -0.52433,-0.63179 -0.21635,-1.73241 0.42502,-1.51885 0.56038,0.18658 0.78675,1.29456 0.35309,1.72822 -0.20516,0.20515 -0.4999,0.12585 -0.77811,-0.20937 z m -349.254493,-0.10764 c 0.0195,-0.43844 1.14531,-1.61591 2.54705,-2.66379 0.72697,-0.54345 1.32177,-1.16595 1.32177,-1.38333 0,-0.21738 0.21961,-0.64587 0.48803,-0.95219 0.46649,-0.53236 1.70193,-4.16488 1.82285,-5.35966 0.0317,-0.31317 0.19877,-0.78942 0.37129,-1.05834 0.17251,-0.26891 0.39366,-1.44144 0.49144,-2.60561 0.10426,-1.24138 0.32365,-2.04372 0.53055,-1.94027 0.46911,0.23455 0.28114,4.08764 -0.24667,5.05655 -0.22899,0.42035 -0.46741,1.59505 -0.52982,2.61044 -0.12338,2.00711 -1.70399,5.02933 -2.49281,4.76639 -0.26725,-0.0891 -0.35646,0.0605 -0.23105,0.38727 0.12965,0.33786 -0.16028,0.76689 -0.79351,1.17422 -0.54879,0.35301 -1.28714,0.99983 -1.64077,1.43737 -0.61072,0.75564 -1.66345,1.0968 -1.63835,0.53095 z m 173.004943,-0.12205 c -0.37281,-0.60321 0.80346,-1.61778 1.29997,-1.12127 0.22118,0.22118 0.30667,0.65094 0.18998,0.95502 -0.24415,0.63625 -1.13784,0.73597 -1.48995,0.16625 z m 15.19487,0.0412 c -0.25686,-0.41562 0.41468,-1.77118 0.87744,-1.77118 0.18038,0 0.50868,0.33769 0.72957,0.75042 0.31325,0.58532 0.29658,0.81697 -0.0758,1.05293 -0.63773,0.4041 -1.2698,0.39082 -1.53123,-0.0322 z m 109.96567,-0.0407 -0.80205,-0.3028 0.71385,-0.71385 c 0.88937,-0.88937 1.13834,-0.89215 1.68376,-0.0188 0.36306,0.58134 0.33365,0.74767 -0.17972,1.01665 -0.35173,0.18428 -0.95624,0.19231 -1.41584,0.0188 z m 64.12565,0.0622 c 0,-0.70285 0.45147,-1.43997 0.88195,-1.43997 0.52127,0 0.98053,0.96619 0.68588,1.44295 -0.25915,0.41931 -1.56783,0.41682 -1.56783,-0.003 z m 62.17711,0.0903 c -0.5345,-0.21567 -0.5847,-1.3998 -0.073,-1.7162 0.4238,-0.26192 1.2765,0.36246 1.7801,1.30346 0.2896,0.54119 0.2147,0.64184 -0.4602,0.61852 -0.4434,-0.0153 -1.0046,-0.10792 -1.2472,-0.20578 z m -109.44933,-1.17748 c 0,-1.22589 0.82514,-1.44768 1.3987,-0.37597 0.57046,1.06591 0.43773,1.43431 -0.51675,1.43431 -0.74476,0 -0.88195,-0.16463 -0.88195,-1.05834 z m -176.036153,0.17639 c -0.24155,-0.29104 -0.81661,-0.52917 -1.27793,-0.52917 -0.46131,0 -0.83875,-0.15875 -0.83875,-0.35277 0,-0.19599 -0.94074,-0.35278 -2.11668,-0.35278 -1.6463,0 -2.11668,-0.11759 -2.11668,-0.52917 0,-0.41157 0.47038,-0.52916 2.11668,-0.52916 1.17594,0 2.11668,0.15679 2.11668,0.35277 0,0.19403 0.81074,0.35278 1.80164,0.35278 1.43906,0 1.76165,0.10422 1.60292,0.51787 -0.1093,0.28483 -0.0469,0.6117 0.13864,0.72638 0.56892,0.3516 0.37491,0.87242 -0.32498,0.87242 -0.36431,0 -0.86,-0.23813 -1.10154,-0.52917 z m -66.23409,-0.42944 c -1.02729,-0.69702 -1.04972,-1.59799 -0.036,-1.44718 0.92681,0.13789 1.66928,1.18519 1.17463,1.65688 -0.21502,0.20505 -0.64367,0.1261 -1.1386,-0.2097 z m 7.38738,-0.12506 c 0.0889,-0.26686 0.94366,-0.72203 1.89933,-1.01149 0.95568,-0.28946 1.86455,-0.73022 2.01971,-0.97946 0.42241,-0.67852 3.77483,-0.61102 3.77483,0.076 0,0.40623 -0.45077,0.52916 -1.94027,0.52916 -1.08958,0 -1.94028,0.1585 -1.94028,0.36151 0,0.39116 -1.33139,0.97869 -2.95767,1.30521 -0.76607,0.15381 -0.97743,0.0844 -0.85565,-0.28094 z m 94.830093,-0.50383 c 0,-0.41158 0.47037,-0.52917 2.11667,-0.52917 1.64629,0 2.11666,0.11759 2.11666,0.52917 0,0.41157 -0.47037,0.52916 -2.11666,0.52916 -1.6463,0 -2.11667,-0.11759 -2.11667,-0.52916 z m 4.93889,0 c 0,-0.39982 0.43117,-0.52917 1.76389,-0.52917 1.33271,0 1.76389,0.12935 1.76389,0.52917 0,0.39981 -0.43118,0.52916 -1.76389,0.52916 -1.33272,0 -1.76389,-0.12935 -1.76389,-0.52916 z m 3.88056,0 c 0,-0.41158 0.47037,-0.52917 2.11666,-0.52917 1.6463,0 2.11667,0.11759 2.11667,0.52917 0,0.41157 -0.47037,0.52916 -2.11667,0.52916 -1.64629,0 -2.11666,-0.11759 -2.11666,-0.52916 z m 167.21666,0 c 0,-0.4161 0.48996,-0.52917 2.29305,-0.52917 1.80309,0 2.29306,0.11307 2.29306,0.52917 0,0.41609 -0.48997,0.52916 -2.29306,0.52916 -1.80309,0 -2.29305,-0.11307 -2.29305,-0.52916 z m 5.18366,0.30357 c -0.56839,-0.56839 0.36842,-0.83274 2.95104,-0.83274 2.25495,0 2.80141,0.10322 2.80141,0.52917 0,0.42533 -0.54224,0.52916 -2.76343,0.52916 -1.51988,0 -2.86494,-0.10151 -2.98902,-0.22559 z M 77.504467,124.54831 c 0.10149,-0.30449 0.82505,-0.45873 2.15199,-0.45873 2.76537,0 2.71113,0.68023 -0.0647,0.8115 -1.71587,0.0812 -2.2044,-10e-4 -2.08728,-0.35277 z m 172.778933,-0.0891 c 0,-0.43753 0.46142,-0.546 2.32246,-0.546 1.70043,0 2.28346,0.1181 2.17686,0.44097 -0.0901,0.27304 -0.97458,0.48097 -2.32245,0.546 -1.77488,0.0856 -2.17687,0.004 -2.17687,-0.44097 z m 5.08512,0.18895 c -0.50198,-0.5046 0.11561,-0.73495 1.97044,-0.73495 1.16417,0 2.11667,0.14405 2.11667,0.32012 0,0.31519 -3.80231,0.70111 -4.08711,0.41483 z m 4.79218,-0.29398 c 3.3e-4,-0.29927 0.62398,-0.44097 1.94076,-0.44097 2.52148,0 2.5211,0.60409 -4.8e-4,0.7611 -1.38205,0.0861 -1.94062,-0.006 -1.94028,-0.32013 z m -382.41061,-0.59359 c 0,-0.27797 0.29864,-0.60018 0.66365,-0.71603 0.365,-0.11585 1.02429,-0.52342 1.46508,-0.90572 0.96168,-0.83407 1.60279,-0.88669 1.88371,-0.15462 0.13872,0.36154 -0.0911,0.65397 -0.69438,0.88332 -0.49598,0.18856 -1.13927,0.58036 -1.42956,0.87065 -0.67139,0.67138 -1.8885,0.68582 -1.8885,0.0224 z m 134.143627,0.0644 c 0.0931,-0.27928 0.83687,-0.44097 2.02847,-0.44097 1.19161,0 1.93538,0.16169 2.02848,0.44097 0.10699,0.321 -0.4449,0.44097 -2.02848,0.44097 -1.58358,0 -2.13547,-0.11997 -2.02847,-0.44097 z m 4.8507,-0.0278 c 0,-0.32354 0.6012,-0.49312 1.94027,-0.5473 1.55181,-0.0628 1.94028,0.0311 1.94028,0.4688 0,0.4282 -0.42221,0.54729 -1.94028,0.54729 -1.37845,0 -1.94027,-0.13574 -1.94027,-0.46879 z m 21.60596,0.0278 c 0.0847,-0.25708 0.90612,-0.48544 1.96968,-0.5476 1.45956,-0.0853 1.82435,0.003 1.82435,0.44097 0,0.42957 -0.42456,0.5476 -1.96967,0.5476 -1.41806,0 -1.92898,-0.12349 -1.82436,-0.44097 z m -132.46638,-1.27949 c -1.27045,-1.2687 -1.62159,-1.85447 -1.05833,-1.76554 0.67723,0.10693 0.73044,-0.1337 0.30175,-1.36469 -0.25338,-0.7276 -0.39671,-1.50681 -0.31851,-1.73156 0.0782,-0.22475 -0.0249,-0.51194 -0.2292,-0.63818 -0.21255,-0.13137 -0.3714,-1.50314 -0.3714,-3.20733 0,-2.41174 0.10059,-2.97779 0.52917,-2.97779 0.43007,0 0.52916,0.57833 0.52916,3.08833 0,3.3697 1.11061,7.28331 2.48075,8.74176 0.68248,0.72647 0.61386,1.24646 -0.15829,1.19938 -0.2102,-0.0128 -0.97749,-0.61779 -1.7051,-1.34438 z m 23.1675,0.8937 c -0.3629,-0.94571 0.0171,-5.63969 0.46861,-5.789 0.33112,-0.10948 0.44098,0.65249 0.44098,3.05859 0,1.96608 -0.14061,3.2044 -0.36385,3.2044 -0.20012,0 -0.4457,-0.2133 -0.54574,-0.47399 z m 11.49292,0.25033 c 0,-0.67032 0.86112,-2.95134 1.11417,-2.95134 0.39961,0 0.37557,1.15836 -0.0471,2.27009 -0.30266,0.79606 -1.06706,1.28409 -1.06706,0.68125 z m 37.91581,-1.35321 c -1.29712,-1.17409 -1.64006,-1.6789 -1.34263,-1.97632 0.29743,-0.29743 0.67181,-0.14246 1.46574,0.60672 0.58645,0.5534 1.40249,1.28823 1.81341,1.63295 0.67693,0.56787 0.71333,1.31352 0.0641,1.31352 -0.14221,0 -1.0425,-0.70959 -2.00065,-1.57687 z m 247.001553,1.33209 c -0.12408,-0.12408 -0.2256,-1.46914 -0.2256,-2.98902 0,-2.22119 0.10384,-2.76343 0.52917,-2.76343 0.42595,0 0.52917,0.54646 0.52917,2.80141 0,2.58262 -0.26436,3.51943 -0.83274,2.95104 z m -367.46725,-0.45521 c 0,-0.19097 0.46564,-0.86566 1.03475,-1.49931 1.36715,-1.5222 2.15342,-0.96039 0.98846,0.70627 -0.73999,1.05867 -2.02321,1.56165 -2.02321,0.79304 z m 62.259627,-0.73635 c -0.25761,-1.1729 -0.0829,-1.5912 0.51123,-1.224 0.45973,0.28413 0.50489,2.30756 0.0515,2.30756 -0.17861,0 -0.43184,-0.4876 -0.56273,-1.08356 z m 137.76525,-1.73865 c 0,-2.27346 0.1029,-2.82223 0.52917,-2.82223 0.42627,0 0.52917,0.54877 0.52917,2.82223 0,2.27345 -0.1029,2.82222 -0.52917,2.82222 -0.42627,0 -0.52917,-0.54877 -0.52917,-2.82222 z m 102.305673,0 c 0,-2.27346 0.10289,-2.82223 0.52916,-2.82223 0.42627,0 0.52917,0.54877 0.52917,2.82223 0,2.27345 -0.1029,2.82222 -0.52917,2.82222 -0.42627,0 -0.52916,-0.54877 -0.52916,-2.82222 z m 48.00909,0 c 0.0509,-2.11017 0.189,-2.82223 0.54752,-2.82223 0.36418,0 0.47949,0.6787 0.47949,2.82223 0,2.3155 -0.0983,2.82222 -0.54751,2.82222 -0.45489,0 -0.53601,-0.47751 -0.4795,-2.82222 z m 131.78747,0.7124 c -0.29953,-0.60042 -0.38789,-1.14565 -0.20408,-1.25925 0.1783,-0.11019 0.32417,-0.66723 0.32417,-1.23786 0,-0.68705 0.17875,-1.03752 0.52917,-1.03752 0.29398,0 0.52917,0.31358 0.52917,0.70556 0,0.44899 0.23518,0.70555 0.64676,0.70555 0.35571,0 0.74165,0.0949 0.85763,0.21088 0.39487,0.39487 -0.16648,1.20024 -0.83658,1.20024 -0.42586,0 -0.66781,0.24808 -0.66781,0.68473 0,1.13808 -0.61726,1.15257 -1.17843,0.0277 z m -457.01759,-0.56998 c 0.0627,-0.30972 0.70937,-0.76726 1.43697,-1.01676 1.27194,-0.43616 1.3229,-0.42296 1.3229,0.34264 0,0.60961 -0.25843,0.84797 -1.10242,1.01677 -1.60083,0.32016 -1.78403,0.28229 -1.65745,-0.34265 z m 91.210767,-0.4952 c -0.49334,-0.38806 -1.14974,-0.70556 -1.45869,-0.70556 -0.30894,0 -0.56172,-0.23812 -0.56172,-0.52916 0,-0.68534 1.53504,-0.70083 2.09909,-0.0212 0.23188,0.27939 0.76563,0.5572 1.18612,0.61736 0.42049,0.0601 0.81748,0.38718 0.88219,0.72673 0.16263,0.85325 -1.01146,0.80502 -2.14699,-0.0882 z m -72.3788,-0.18761 c -0.37663,-0.28487 -1.04195,-0.51795 -1.47848,-0.51795 -0.43654,0 -0.892507,-0.15987 -1.013267,-0.35527 -0.37714,-0.61023 0.874757,-0.81736 2.321077,-0.38403 0.99887,0.29927 1.38463,0.60747 1.38463,1.10624 0,0.8178 -0.28544,0.8533 -1.21396,0.15101 z m 441.480713,0.17654 c 0,-0.42026 0.38823,-0.56592 2.16432,-0.81204 1.13127,-0.15677 1.26157,-0.098 1.10537,0.49909 -0.1405,0.53736 -0.49557,0.6768 -1.72333,0.6768 -0.8505,0 -1.54636,-0.16374 -1.54636,-0.36385 z m -455.97184,-0.35227 c -0.13723,-0.22203 -0.0897,-0.5635 0.10562,-0.75882 0.50116,-0.50116 1.66479,-0.20659 1.66479,0.42143 0,0.63424 -1.41974,0.90479 -1.77041,0.33739 z m 54.355577,-0.30771 c -0.30198,-0.48861 0.0852,-1.7984 0.53161,-1.7984 0.4109,0 0.42025,1.07367 0.0149,1.71336 -0.21333,0.33668 -0.37543,0.3619 -0.54653,0.085 z m 15.3245,0.007 c 0,-0.171 0.5559,-0.73491 1.23533,-1.25313 1.03972,-0.79304 1.5285,-0.92535 3.08681,-0.83562 2.341,0.13479 2.26886,0.77708 -0.10327,0.91945 -1.19242,0.0716 -2.01618,0.33586 -2.47408,0.79375 -0.7052,0.70521 -1.74479,0.92897 -1.74479,0.37555 z m 38.1881897,-0.37474 c -0.88684,-0.73983 -1.04105,-1.43102 -0.31926,-1.43102 0.56463,0 1.64218,1.11777 1.64218,1.70348 0,0.57973 -0.4002,0.49731 -1.32292,-0.27246 z m -133.2088367,0.0917 c -0.38758,-0.38758 0.50273,-1.52276 1.19429,-1.52276 0.38123,0 0.69314,0.1405 0.69314,0.31221 0,0.42183 -1.63043,1.46755 -1.88743,1.21055 z m 57.626207,-0.64081 c 0,-0.48507 0.15875,-0.88195 0.35278,-0.88195 0.19403,0 0.35278,0.39688 0.35278,0.88195 0,0.48507 -0.15875,0.88194 -0.35278,0.88194 -0.19403,0 -0.35278,-0.39687 -0.35278,-0.88194 z m 48.68333,0.35278 c 0,-0.45732 0.32614,-0.5469 1.67569,-0.46031 0.92164,0.0591 1.6757,0.26628 1.6757,0.46031 0,0.19402 -0.75406,0.40116 -1.6757,0.4603 -1.34955,0.0866 -1.67569,-0.003 -1.67569,-0.4603 z m 379.249963,-0.26459 c 0.014,-0.44964 2.9779,-2.0455 3.7786,-2.03452 0.9917,0.0136 0.3389,0.97339 -1.156,1.69964 -1.8017,0.87535 -2.6428,0.98275 -2.6226,0.33488 z m -457.12714,-0.70555 c 0.0877,-0.26578 0.94027,-0.48301 2.14605,-0.54677 1.61726,-0.0855 2.00059,-0.001 2.00059,0.44097 0,0.43392 -0.44292,0.54677 -2.14606,0.54677 -1.55923,0 -2.10626,-0.12058 -2.00058,-0.44097 z m 4.49942,-0.0882 c 0,-0.41157 0.47037,-0.52916 2.11665,-0.52916 1.6463,0 2.11667,0.11759 2.11667,0.52916 0,0.41158 -0.47037,0.52917 -2.11667,0.52917 -1.64628,0 -2.11665,-0.11759 -2.11665,-0.52917 z m 68.791647,0 c 0,-0.40623 0.45077,-0.52916 1.94028,-0.52916 1.48951,0 1.94028,0.12293 1.94028,0.52916 0,0.40623 -0.45077,0.52917 -1.94028,0.52917 -1.48951,0 -1.94028,-0.12294 -1.94028,-0.52917 z m -99.714257,-0.72077 c -0.1149,-0.29941 -0.1496,-0.57722 -0.0771,-0.61736 2.04676,-1.13353 2.50086,-1.26133 3.34349,-0.94096 0.96333,0.36626 0.98268,1.28954 0.0235,1.11907 -0.31471,-0.0559 -1.04442,0.14251 -1.62158,0.44097 -1.30141,0.67299 -1.40939,0.67288 -1.66825,-0.002 z m 129.1414767,0.065 c -0.33034,-0.86085 -2.82904,-1.63727 -5.2690897,-1.63727 -1.79674,0 -2.28592,-0.11324 -2.28592,-0.52917 0,-0.41157 0.47037,-0.52917 2.11667,-0.52917 1.16417,0 2.11667,0.13674 2.11667,0.30386 0,0.16712 0.3663297,0.23383 0.8140597,0.14824 0.94926,-0.18146 3.41927,1.15854 3.41927,1.85499 0,0.70355 -0.67963,0.99318 -0.91166,0.38852 z m 81.3450003,-3.57755 c 0,-2.57105 0.10851,-3.37416 0.44097,-3.26378 0.30844,0.1024 0.44097,1.08273 0.44097,3.26172 0,2.17789 -0.13269,3.15999 -0.44097,3.26378 -0.3326,0.11198 -0.44097,-0.68958 -0.44097,-3.26172 z m 85.799563,0.35064 c 0.0577,-1.69736 0.25516,-3.00074 0.45471,-3.00074 0.19955,0 0.39705,1.30338 0.45471,3.00074 0.0863,2.54103 0.0166,3.00075 -0.45471,3.00075 -0.47136,0 -0.54102,-0.45972 -0.45471,-3.00075 z m 16.29032,2.49613 c -0.37221,-0.96995 0.0199,-5.95783 0.48036,-6.11063 0.33228,-0.11026 0.44098,0.68697 0.44098,3.23446 0,2.08726 -0.13922,3.38079 -0.36385,3.38079 -0.20012,0 -0.45099,-0.22708 -0.55749,-0.50462 z m 31.93638,0.35923 c -0.29687,-0.29365 0.0919,-6.20461 0.4081,-6.20461 0.17977,0 0.32685,1.42875 0.32685,3.175 0,2.78053 -0.19095,3.56769 -0.73495,3.02961 z m 16.75941,-0.32677 c -0.3171,-0.82633 0.0108,-6.05423 0.37971,-6.05423 0.20245,0 0.396,1.39054 0.45421,3.26319 0.0666,2.14379 -0.0279,3.2632 -0.27565,3.2632 -0.2074,0 -0.45862,-0.21247 -0.55827,-0.47216 z m 115.09128,0.23697 c -0.12935,-0.12935 -0.23519,-1.5581 -0.23519,-3.175 0,-2.37798 0.10113,-2.93981 0.52917,-2.93981 0.43117,0 0.52917,0.58796 0.52917,3.175 0,2.91201 -0.18615,3.57682 -0.82315,2.93981 z m 11.5761,-0.18442 c -0.1169,-0.30458 0.245,-1.22675 0.8207,-2.0911 0.5664,-0.85043 1.183,-2.02249 1.3703,-2.60457 0.2117,-0.65803 0.6187,-1.09945 1.0759,-1.16705 0.6774,-0.10012 0.6269,0.10756 -0.6389,2.62724 -1.6149,3.2144 -2.3084,4.06829 -2.628,3.23548 z m -477.65432,-1.25041 c -1.13952,-1.36344 -2.64584,-3.84748 -2.64584,-4.36321 0,-0.17423 0.2307,-0.31677 0.51266,-0.31677 0.28197,0 0.84316,0.74715 1.24711,1.66034 0.40395,0.91319 1.23191,2.07564 1.83991,2.58322 0.65714,0.54861 1.00135,1.09135 0.84874,1.33827 -0.38218,0.61838 -0.63971,0.48953 -1.80258,-0.90185 z m 44.034017,0.89788 c -1.84533,-0.89215 -1.83486,-3.89831 0.0152,-4.36265 2.15457,-0.54076 3.76169,0.82055 3.27202,2.77157 -0.18668,0.74377 -1.85045,2.11359 -2.41287,1.98656 -0.0581,-0.0131 -0.4516,-0.19109 -0.87435,-0.39548 z m 10.47003,-2.24076 c 0,-3.11317 -0.84617,-4.74821 -2.45729,-4.74821 -1.54405,0 -2.4816,-0.91986 -2.4816,-2.43477 0,-2.2281 1.96765,-3.23982 3.80206,-1.95495 0.84266,0.59022 1.05369,2.1684 0.44263,3.31017 -0.25602,0.47838 -0.17449,0.78904 0.32595,1.24193 0.63232,0.57224 0.7219,0.56365 1.70563,-0.16365 0.92895,-0.6868 1.02056,-0.9247 0.8701,-2.25958 -0.20656,-1.83255 0.49036,-2.67804 2.20744,-2.67804 2.04781,0 2.98018,2.24185 1.62724,3.91266 -0.48481,0.59872 -1.00065,0.80619 -1.93834,0.77961 -1.00916,-0.0286 -1.46352,0.18458 -2.16161,1.01421 -0.78056,0.92765 -0.88387,1.37714 -0.88387,3.84559 0,2.24939 -0.10332,2.79515 -0.52917,2.79515 -0.42359,0 -0.52917,-0.53075 -0.52917,-2.66012 z m 12.50758,1.79421 c -2.17,-2.17 0.39403,-5.5798 2.78282,-3.70078 1.29338,1.01737 1.29707,2.82143 0.008,3.83553 -1.2043,0.9473 -1.73421,0.92172 -2.79068,-0.13475 z m 40.57919,0.50297 c -0.17833,-0.28853 0.10185,-0.77745 0.78288,-1.36612 0.58332,-0.50423 1.48735,-1.67084 2.00895,-2.59247 0.52159,-0.92163 1.07395,-1.67569 1.22746,-1.67569 1.17214,0 0.42751,1.56492 -1.99293,4.18835 -1.24321,1.34748 -1.82891,1.76541 -2.02636,1.44593 z m 76.02989,-2.63567 c 0,-1.76389 0.14527,-2.99861 0.35278,-2.99861 0.20752,0 0.35278,1.23472 0.35278,2.99861 0,1.76389 -0.14526,2.99861 -0.35278,2.99861 -0.20751,0 -0.35278,-1.23472 -0.35278,-2.99861 z m 303.036213,2.46944 c 0,-0.40623 0.4508,-0.52916 1.9403,-0.52916 1.4895,0 1.9403,0.12293 1.9403,0.52916 0,0.40623 -0.4508,0.52917 -1.9403,0.52917 -1.4895,0 -1.9403,-0.12294 -1.9403,-0.52917 z m 4.5861,0 c 0,-0.39355 0.4152,-0.52916 1.6201,-0.52916 1.0858,0 1.9158,-0.23264 2.517,-0.70556 0.4933,-0.38805 1.2739,-0.70555 1.7346,-0.70555 0.6252,0 1.1128,-0.44721 1.9229,-1.76389 0.597,-0.97014 1.3099,-1.76389 1.5843,-1.76389 0.6485,0 0.6291,0.22239 -0.1185,1.35816 -0.3395,0.51586 -0.7939,1.25474 -1.0098,1.64196 -0.2158,0.38723 -0.6201,0.70682 -0.8984,0.71021 -0.2783,0.003 -0.9688,0.37028 -1.5346,0.8153 -0.5657,0.44501 -1.3124,0.73491 -1.6592,0.64421 -0.3849,-0.10064 -0.6306,0.0284 -0.6306,0.33124 0,0.36018 -0.4834,0.49614 -1.7639,0.49614 -1.3327,0 -1.7639,-0.12935 -1.7639,-0.52917 z m -476.92283,-0.79375 c -0.87553,-1.96041 -2.27299,-3.62172 -3.95379,-4.70029 -0.94785,-0.60824 -1.72338,-1.22164 -1.72338,-1.3631 0,-0.6833 0.56699,-0.64912 1.55641,0.0938 0.59918,0.44992 1.36005,0.91767 1.69083,1.03946 0.33078,0.12178 0.94355,0.90384 1.36172,1.73792 0.41817,0.83407 1.15705,1.94015 1.64196,2.45796 0.48492,0.51781 0.77559,1.11312 0.64593,1.32292 -0.38468,0.62242 -0.7596,0.44146 -1.21968,-0.5887 z m 80.753297,0.48458 c 0,-0.26706 0.635,-1.15981 1.41111,-1.98388 0.77611,-0.82408 1.41111,-1.6753 1.41111,-1.89162 0,-0.52298 3.19652,-3.40005 3.77757,-3.40005 0.90626,0 0.42589,0.98308 -0.94439,1.93269 -0.77009,0.53367 -1.48779,1.22995 -1.5949,1.54728 -0.10711,0.31734 -0.74267,0.97385 -1.41235,1.45892 -0.66969,0.48507 -1.22198,1.12801 -1.22732,1.42875 -0.0182,1.0253 -1.42083,1.92157 -1.42083,0.90791 z m 373.830083,0.2535 c -0.12764,-0.12763 0.29942,-0.8817 0.949,-1.67569 0.64959,-0.794 1.28724,-1.77989 1.417,-2.19086 0.12976,-0.41097 0.54606,-1.0279 0.92515,-1.37094 0.6231,-0.56393 0.7101,-0.56925 0.9072,-0.0555 0.1247,0.32496 -0.1074,0.98733 -0.5421,1.54733 -0.4181,0.53853 -1.22832,1.65383 -1.80044,2.47845 -1.02253,1.47381 -1.39494,1.72811 -1.85581,1.26724 z m -474.72441,-0.64988 c 0,-0.41158 0.47037,-0.52917 2.11667,-0.52917 1.6463,0 2.11667,0.11759 2.11667,0.52917 0,0.41157 -0.47037,0.52916 -2.11667,0.52916 -1.6463,0 -2.11667,-0.11759 -2.11667,-0.52916 z m 487.89166,-0.36581 c 0,-0.24236 0.2223,-0.52596 0.494,-0.63022 0.2717,-0.10426 0.6032,-0.83562 0.7366,-1.62524 0.2638,-1.56172 0.8861,-1.96519 0.8861,-0.57455 0,0.47362 0.1587,0.95924 0.3527,1.07915 0.1941,0.11992 0.3528,0.0499 0.3528,-0.15557 0,-0.20548 0.2381,-0.3736 0.5292,-0.3736 0.6648,0 0.6887,0.57863 0.039,0.95261 -0.2694,0.15517 -0.5493,0.59962 -0.622,0.98767 -0.1025,0.54735 -0.4277,0.71395 -1.4504,0.74298 -0.8389,0.0238 -1.3183,-0.12282 -1.3183,-0.40323 z m 4.5861,-3.64834 c 0,-0.41688 0.4254,-0.83577 1.1465,-1.1291 0.6306,-0.2565 2.3617,-1.7045 3.8469,-3.2178 2.3856,-2.43084 3.7682,-3.41182 3.4145,-2.42263 -0.3148,0.88027 -4.5422,5.16918 -6.1412,6.23052 -2.0963,1.39143 -2.2667,1.43195 -2.2667,0.53901 z m -490.90826,-2.6773 c -0.62532,-1.49662 -0.68543,-6.79893 -0.0929,-8.19681 0.23004,-0.54271 1.04385,-1.58205 1.80847,-2.30966 1.17189,-1.11514 1.63256,-1.32291 2.93315,-1.32291 0.8486,0 1.66198,-0.0284 1.8075,-0.0631 0.14552,-0.0347 0.31591,0.20341 0.37864,0.52916 0.0945,0.4909 -0.18855,0.59228 -1.65392,0.59228 -1.44837,0 -1.95079,0.17538 -2.77924,0.97014 -0.55619,0.53357 -1.20099,1.41417 -1.43288,1.95687 -0.5943,1.39084 -0.52176,6.55549 0.10754,7.65632 0.65312,1.14253 0.6497,1.41111 -0.018,1.41111 -0.30095,0 -0.7772,-0.55052 -1.05834,-1.22339 z m 33.295797,0.78242 c -0.30097,-0.24253 -1.12576,-1.3141 -1.83286,-2.38125 -1.824487,-2.75353 -2.376707,-3.34231 -4.247387,-4.52866 -0.91188,-0.5783 -1.49095,-1.15468 -1.28683,-1.28083 0.20411,-0.12615 0.37112,-0.55073 0.37112,-0.9435 0,-0.41836 0.18264,-0.65028 0.44097,-0.55995 0.24253,0.0848 0.39744,0.40199 0.34423,0.70485 -0.0532,0.30285 0.38335,0.89251 0.97014,1.31034 0.58678,0.41782 1.06688,0.96848 1.06688,1.22368 0,0.2552 0.31212,0.54562 0.69359,0.64538 0.381467,0.0998 1.294287,1.14297 2.028467,2.31825 0.73419,1.17528 1.45395,2.14405 1.59947,2.15282 0.14552,0.009 0.26458,-0.8478 0.26458,-1.9035 0,-1.05571 0.15875,-2.01757 0.35278,-2.13749 0.19403,-0.11992 0.35278,-0.92303 0.35278,-1.78471 0,-0.94122 0.1612,-1.56668 0.40379,-1.56668 0.28553,0 0.33793,0.69739 0.17889,2.38125 -0.12369,1.30969 -0.22602,3.37344 -0.2274,4.58611 -0.003,2.2957 -0.32873,2.68616 -1.47321,1.76389 z m 53.96582,-3.88054 c 0.11784,-4.73259 0.2454,-5.52075 0.80321,-4.96293 0.1972,0.19719 0.36544,1.81124 0.37388,3.58677 0.008,1.77552 0.0475,3.22823 0.0867,3.22823 0.0393,0 0.93024,-0.79375 1.97999,-1.76389 1.59793,-1.47675 1.78199,-1.76389 1.1307,-1.76389 -0.42786,0 -0.77792,-0.15875 -0.77792,-0.35278 0,-0.19402 0.21965,-0.35277 0.48811,-0.35277 0.46184,0 2.16946,-1.7772 3.44489,-3.58523 0.7358,-1.04308 1.17651,-0.68515 0.54907,0.44593 -1.17192,2.11263 -1.85659,3.13501 -2.10082,3.13706 -0.14553,0.001 -0.26459,0.33315 -0.26459,0.73759 0,0.68696 -4.91288,5.96741 -5.55204,5.96743 -0.14783,10e-6 -0.22037,-1.94468 -0.16118,-4.32152 z m 28.89786,4.10525 c -0.11894,-0.11895 0.081,-0.63489 0.44427,-1.14653 0.63132,-0.88913 0.90535,-2.21566 1.3035,-6.31012 0.12366,-1.27168 0.33569,-1.85209 0.67661,-1.85209 0.36064,0 0.49652,0.48273 0.49652,1.76389 0,0.97014 -0.13426,1.76389 -0.29835,1.76389 -0.16409,0 -0.32743,0.88988 -0.36297,1.9775 -0.0913,2.79483 -1.27529,4.78775 -2.25958,3.80346 z m 70.81591,-0.40894 c -1.26903,-1.07389 -1.61104,-2.23998 -1.50088,-5.11728 0.1453,-3.79544 0.76998,-3.62166 0.98643,0.27443 0.097,1.74625 0.29215,3.35293 0.43363,3.5704 0.14149,0.21748 0.7368,0.49132 1.32292,0.60855 0.62667,0.12533 1.06568,0.43475 1.06568,0.75112 0,0.73173 -1.40266,0.67872 -2.30778,-0.0872 z m 101.899083,-0.22545 c -0.95985,-0.82491 -0.98981,-0.9557 -0.98981,-4.32153 0,-2.74519 0.1036,-3.47087 0.49549,-3.47087 0.3914,0 0.47943,0.60767 0.41903,2.8926 -0.0867,3.2811 0.19761,4.05684 1.71783,4.68654 0.5895,0.24417 1.07182,0.58345 1.07182,0.75393 0,0.63209 -1.75697,0.28212 -2.71436,-0.54067 z m 48.26713,-0.21751 c -1.0693,-1.0693 -1.10278,-1.19769 -1.10278,-4.22982 0,-1.71987 0.15875,-3.22516 0.35278,-3.34507 0.2232,-0.13795 0.35278,0.75303 0.35278,2.42566 0,3.27957 0.40378,4.40088 1.77051,4.91677 0.58198,0.21967 1.00385,0.56249 0.9375,0.76182 -0.25294,0.75984 -1.24999,0.53144 -2.31079,-0.52936 z m 132.95277,0.75408 c 0,-0.71957 2.59104,-5.46662 2.74274,-5.02497 0.22182,0.64577 -0.59798,3.16559 -1.42138,4.36891 -0.64901,0.94846 -1.32136,1.28229 -1.32136,0.65606 z m 7.40839,0.0228 c 0,-0.16021 0.3852,-0.65319 0.856,-1.09551 0.4708,-0.44233 1.2037,-1.66062 1.6285,-2.70733 0.4248,-1.0467 0.8863,-1.9031 1.0254,-1.9031 0.7165,0 0.5666,0.68034 -0.7087,3.21675 -1.0415,2.07147 -1.5769,2.78047 -2.0996,2.78047 -0.3859,0 -0.7016,-0.13107 -0.7016,-0.29128 z m 7.2907,0.0561 c -0.3869,-0.38689 -0.2657,-4.29046 0.1411,-4.54182 0.6021,-0.37212 0.7488,0.0102 0.9458,2.46419 0.1512,1.88403 0.09,2.31281 -0.3331,2.31281 -0.2852,0 -0.6245,-0.10583 -0.7538,-0.23518 z m 2.0775,-0.38218 c 0.1494,-0.33955 0.6151,-1.56986 1.0349,-2.73403 0.8559,-2.37338 2.2026,-4.7625 2.6845,-4.7625 0.5471,0 0.3473,1.02891 -0.3317,1.70792 -0.3572,0.35727 -0.8425,1.41574 -1.0783,2.35216 -0.6704,2.66238 -1.3555,4.05381 -1.996,4.05381 -0.4253,0 -0.5108,-0.16845 -0.3134,-0.61736 z m 17.3351,0.39201 c -0.1239,-0.12394 0.1682,-0.69307 0.6492,-1.26473 0.4811,-0.57166 1.0511,-1.74025 1.2668,-2.59687 0.2268,-0.90048 0.5977,-1.55749 0.8795,-1.55749 0.6078,0 0.6078,-9.8e-4 -0.083,2.41515 -0.749,2.61959 -1.8631,3.85335 -2.7125,3.00394 z M 74.599967,108.39097 c 0,-0.38805 0.15875,-0.70555 0.35278,-0.70555 0.20751,0 0.35277,-1.23472 0.35277,-2.99861 0,-2.43025 0.1003,-2.99861 0.52917,-2.99861 0.75739,0 0.73783,4.76499 -0.0258,6.2958 -0.62924,1.26134 -1.20888,1.45648 -1.20888,0.40697 z m 102.503183,0.38698 c -0.1122,-0.18155 0.0289,-0.56297 0.31349,-0.84759 0.3491,-0.3491 0.55104,-1.44966 0.6206,-3.38217 0.13673,-3.79879 0.77887,-3.88363 0.91122,-0.1204 0.0832,2.3657 -2e-5,2.95534 -0.44097,3.12455 -0.29894,0.11471 -0.54353,0.42034 -0.54353,0.67917 0,0.60203 -0.59357,0.97883 -0.86081,0.54644 z m 48.13303,-0.009 c 0,-0.18017 0.23142,-0.55899 0.51425,-0.84183 0.34533,-0.34533 0.54813,-1.45524 0.61737,-3.37893 0.13673,-3.79879 0.77886,-3.88363 0.91121,-0.1204 0.0832,2.3657 -2e-5,2.95534 -0.44097,3.12455 -0.29894,0.11471 -0.54352,0.50908 -0.54352,0.87638 0,0.36729 -0.23813,0.66781 -0.52917,0.66781 -0.29104,0 -0.52917,-0.14741 -0.52917,-0.32758 z m 129.46944,-5.84603 c 0,-0.6791 0.1588,-1.23472 0.3528,-1.23472 0.194,0 0.3528,0.55562 0.3528,1.23472 0,0.6791 -0.1588,1.23472 -0.3528,1.23472 -0.194,0 -0.3528,-0.55562 -0.3528,-1.23472 z m 22.9354,0.29398 c 0.01,-1.46972 0.3726,-2.58704 0.8463,-2.58704 0.2876,0 0.3566,0.50846 0.2234,1.64749 -0.2139,1.82953 -1.0777,2.5882 -1.0697,0.93955 z m -35.13586,0.14699 c 0.11306,-0.24253 0.30356,-0.71878 0.42333,-1.05833 0.23641,-0.67025 1.02273,-0.82679 1.36568,-0.27188 0.35618,0.57631 -0.50196,1.77118 -1.27202,1.77118 -0.45248,0 -0.64571,-0.16482 -0.51699,-0.44097 z m 18.78566,-1.91088 c -0.1294,-0.12935 -0.2352,-0.3648 -0.2352,-0.52322 0,-0.40197 3.3924,-2.08165 3.6612,-1.8128 0.5157,0.51567 0.1457,1.12021 -0.8146,1.33113 -0.5687,0.1249 -1.2231,0.45502 -1.4543,0.73359 -0.4601,0.55432 -0.7954,0.63296 -1.1571,0.2713 z m -6.4301,-0.39146 c -0.2058,-0.14042 -0.7328,-1.44592 -1.1712,-2.90113 -0.4384,-1.45521 -0.9331,-3.07264 -1.0993,-3.59428 -0.2133,-0.66949 -0.1634,-1.06363 0.1696,-1.34005 0.5764,-0.47837 0.7565,-0.21492 1.0287,1.50502 0.116,0.73326 0.5366,2.29987 0.9346,3.48136 0.7438,2.20778 0.7965,3.29871 0.1376,2.84908 z m -196.20753,-0.37482 c -0.29148,-0.18015 -0.22891,-0.63882 0.2254,-1.65242 0.70293,-1.56829 2.27,-2.66093 2.90526,-2.02567 0.27973,0.27973 0.0914,0.53864 -0.68331,0.93924 -0.69643,0.36014 -1.15073,0.92295 -1.3024,1.61347 -0.26296,1.19728 -0.55854,1.4878 -1.14495,1.12538 z m 19.18359,0.0511 c -0.12408,-0.12408 -0.22559,-0.52559 -0.22559,-0.89224 0,-0.36666 -0.49501,-1.11877 -1.10001,-1.67135 -0.98923,-0.90353 -1.14032,-1.77775 -0.30723,-1.77775 0.43854,0 2.46557,3.00794 2.46557,3.65871 0,0.60976 -0.49766,1.01771 -0.83274,0.68263 z m 28.5997,0.0247 c -0.3194,-0.3194 1.11188,-2.9786 1.98277,-3.6838 0.73398,-0.59434 1.64749,-0.55629 1.64749,0.0686 0,0.17743 -0.38826,0.4995 -0.86281,0.71572 -0.48272,0.21994 -1.10309,0.99364 -1.40825,1.75632 -0.52398,1.30955 -0.88725,1.61507 -1.3592,1.14313 z m 19.94623,-0.0333 c -0.24253,-0.087 -0.44097,-0.4714 -0.44097,-0.85423 0,-0.38282 -0.51594,-1.16833 -1.14653,-1.74558 -0.95777,-0.87676 -1.05941,-1.10617 -0.61736,-1.39347 0.40008,-0.26003 0.76229,-0.0712 1.48486,0.77422 1.56385,1.82967 1.97533,3.66936 0.72,3.21906 z M 56.434397,99.30695 c 0.57678,-1.41008 1.70119,-2.55764 2.50604,-2.55764 0.84239,0 0.53463,1.03371 -0.37579,1.26221 -0.58208,0.14609 -0.99574,0.6108 -1.26208,1.41783 -0.21791,0.66028 -0.62415,1.20051 -0.90275,1.20051 -0.43406,0 -0.42911,-0.1893 0.0346,-1.32291 z m 18.66181,0.43539 c -0.12251,-0.48814 -0.60179,-1.18567 -1.06505,-1.55008 -0.97068,-0.76353 -1.14398,-1.90684 -0.26275,-1.7334 0.31875,0.0627 0.75531,0.42974 0.97014,0.81556 0.21482,0.38583 0.6684,1.08193 1.00795,1.54688 0.75472,1.03347 0.79539,1.80856 0.0949,1.80856 -0.28735,0 -0.62269,-0.39938 -0.7452,-0.88752 z m 270.281573,0.36958 c 0.37663,-0.28487 0.91534,-0.523 1.19714,-0.52917 0.2818,-0.006 1.018,-0.50127 1.636,-1.10021 0.6179,-0.59895 1.2186,-0.93511 1.3349,-0.74702 0.2801,0.45335 -1.1034,2.18879 -1.745,2.18879 -0.2769,0 -0.5035,0.15875 -0.5035,0.35278 0,0.19402 -0.586,0.35277 -1.30218,0.35277 -1.22069,0 -1.25931,-0.0324 -0.61736,-0.51794 z m -453.05816,-0.30241 c -0.15516,-0.25717 -0.55993,-0.56968 -0.89948,-0.69448 -0.85706,-0.31502 -0.76701,-0.70624 0.27368,-1.18899 0.70889,-0.32884 1.10447,-0.30155 1.98318,0.13681 0.92544,0.46167 1.00746,0.59805 0.52282,0.86927 -0.31615,0.17693 -0.57482,0.55193 -0.57482,0.83333 0,0.64049 -0.92666,0.67177 -1.30538,0.0441 z m 486.3749,-1.10583 c 0,-1.17025 -0.064,-1.24612 -0.8819,-1.0409 -1.1759,0.2951 -1.1266,-0.3219 0.088,-1.10482 0.5335,-0.3439 1.0976,-0.83946 1.2535,-1.10124 0.2211,-0.37121 0.4486,-0.38759 1.0337,-0.0744 0.681,0.36442 0.6968,0.4407 0.1712,0.825 -0.3185,0.23289 -0.6854,1.08864 -0.8154,1.90165 -0.2996,1.8735 -0.8493,2.25843 -0.8493,0.59473 z m -474.377143,0.25049 c 0.0829,-0.14552 0.50991,-1.45521 0.94893,-2.91042 0.43902,-1.45521 0.95564,-2.84427 1.14803,-3.0868 0.19239,-0.24254 0.25546,-0.44097 0.14015,-0.44097 -0.11532,0 0.17848,-0.73001 0.65289,-1.62224 0.4744,-0.89223 0.96623,-2.1749 1.09295,-2.85038 0.21422,-1.14192 0.96349,-1.87836 1.43319,-1.40866 0.26664,0.26664 -1.66857,5.60128 -2.1975,6.05766 -0.44866,0.38713 -1.37038,3.12438 -1.75218,5.20348 -0.18231,0.99274 -0.41443,1.32291 -0.93006,1.32291 -0.37791,0 -0.61929,-0.11906 -0.5364,-0.26458 z m 52.52514,-1.94028 c -0.37726,-1.01864 -0.79624,-2.20927 -0.93106,-2.64583 -0.13483,-0.43656 -0.47257,-0.79375 -0.75054,-0.79375 -0.58757,0 -0.65694,-0.4129 -0.15388,-0.91595 0.23349,-0.23349 -0.0491,-1.3157 -0.84159,-3.2233 -0.92534,-2.2273 -1.08593,-2.91292 -0.71558,-3.05503 0.26263,-0.10078 0.5635,-0.0441 0.66861,0.12597 0.50883,0.82331 2.29867,5.55303 2.29973,6.07715 6.6e-4,0.32798 0.39808,1.69656 0.88315,3.04129 0.95675,2.65231 1.05754,3.24153 0.55452,3.24153 -0.18009,0 -0.6361,-0.83343 -1.01336,-1.85208 z m 408.446403,1.34135 c 0,-0.42956 0.4246,-0.5476 1.9697,-0.5476 2.5906,0 2.4677,0.83585 -0.1453,0.98858 -1.4596,0.0853 -1.8244,-0.003 -1.8244,-0.44098 z m -478.71944,-0.72399 c 0,-0.40623 0.45077,-0.52916 1.94027,-0.52916 1.48949,0 1.94027,0.12293 1.94027,0.52916 0,0.40623 -0.45078,0.52917 -1.94027,0.52917 -1.4895,0 -1.94027,-0.12294 -1.94027,-0.52917 z m 482.95284,0.0411 c 0,-0.65525 1.2834,-0.95417 2.3521,-0.54784 1.2193,0.46355 0.6878,1.03586 -0.9618,1.03586 -0.9486,0 -1.3903,-0.15506 -1.3903,-0.48802 z M -12.663333,97.56282 c -0.12408,-0.12408 -0.2256,-0.51664 -0.2256,-0.87236 0,-0.35572 -0.15875,-0.64676 -0.35278,-0.64676 -0.54966,0 -0.41438,-0.9592 0.16674,-1.1822 0.67581,-0.25933 1.57255,1.0237 1.33919,1.91608 -0.20515,0.7845 -0.59677,1.11602 -0.92755,0.78524 z M -122.50032,96.9831 c -0.3749,-0.6083 0.55949,-0.97854 2.20208,-0.87254 2.45527,0.15845 2.43595,0.89527 -0.0274,1.04597 -1.09594,0.067 -2.07453,-0.011 -2.17464,-0.17343 z m 89.231137,0.0528 c 0.21804,-0.65413 0.97749,-0.76262 0.97749,-0.13964 0,0.30721 -0.25136,0.55857 -0.55857,0.55857 -0.30721,0 -0.49572,-0.18852 -0.41892,-0.41893 z m 2.6772,-0.19337 -0.94613,-0.46151 0.76974,-0.8275 c 0.5946,-0.63922 1.03059,-0.78888 1.91626,-0.65778 0.88992,0.13174 1.14652,0.0423 1.14652,-0.39948 0,-0.45477 0.39012,-0.56921 1.94028,-0.56921 1.48951,0 1.94028,0.12294 1.94028,0.52917 0,0.40495 -0.44658,0.52916 -1.90254,0.52916 -1.3657,0 -1.95983,0.14931 -2.10559,0.52917 -0.11168,0.29104 -0.45128,0.52917 -0.75467,0.52917 -0.30338,0 -0.66555,0.28357 -0.80482,0.63016 -0.22337,0.55589 -0.36472,0.57576 -1.19933,0.16865 z m -87.424627,-0.28725 c 0,-0.44201 0.38334,-0.5265 2.00059,-0.44097 2.8721,0.15188 2.9952,0.98774 0.14546,0.98774 -1.70312,0 -2.14605,-0.11285 -2.14605,-0.54677 z m 468.13613,0.0723 c 0,-0.66525 1.2887,-1.75945 1.7422,-1.47921 0.2478,0.15318 0.1654,0.52101 -0.2424,1.08181 -0.6761,0.92981 -1.4998,1.14806 -1.4998,0.3974 z m 22.6641,0.0335 c 0.081,-0.24646 0.8722,-0.4884 1.7933,-0.5485 1.3018,-0.0849 1.6482,0.008 1.6482,0.44097 0,0.42421 -0.4064,0.5485 -1.7933,0.5485 -1.2769,0 -1.7515,-0.12699 -1.6482,-0.44097 z M 59.783297,95.86732 c 0,-0.40623 0.45077,-0.52916 1.94028,-0.52916 1.48951,0 1.94028,0.12293 1.94028,0.52916 0,0.40623 -0.45077,0.52917 -1.94028,0.52917 -1.48951,0 -1.94028,-0.12294 -1.94028,-0.52917 z m 4.58611,-0.0184 c 0,-0.4381 0.3648,-0.52628 1.82436,-0.44097 2.61299,0.15273 2.73586,0.98858 0.14532,0.98858 -1.54511,0 -1.96968,-0.11804 -1.96968,-0.54761 z m 4.58611,0.0184 c 0,-0.40623 0.45078,-0.52916 1.94028,-0.52916 1.48951,0 1.94028,0.12293 1.94028,0.52916 0,0.40623 -0.45077,0.52917 -1.94028,0.52917 -1.4895,0 -1.94028,-0.12294 -1.94028,-0.52917 z m 93.133443,0 c 0,-0.41157 0.47037,-0.52916 2.11667,-0.52916 1.6463,0 2.11667,0.11759 2.11667,0.52916 0,0.41158 -0.47037,0.52917 -2.11667,0.52917 -1.6463,0 -2.11667,-0.11759 -2.11667,-0.52917 z m 4.93889,-0.0184 c 0,-0.4381 0.3648,-0.52628 1.82436,-0.44097 2.61299,0.15273 2.73586,0.98858 0.14532,0.98858 -1.54511,0 -1.96968,-0.11804 -1.96968,-0.54761 z m 4.32,0.10663 c 0.0877,-0.26578 0.94028,-0.483 2.14607,-0.54677 1.61726,-0.0855 2.0006,-10e-4 2.0006,0.44097 0,0.43393 -0.44293,0.54678 -2.14607,0.54678 -1.55924,0 -2.10629,-0.12058 -2.0006,-0.44098 z m 38.96367,0.21538 c -0.51718,-0.51717 0.26689,-0.83274 2.0691,-0.83274 1.47099,0 1.91945,0.12364 1.91945,0.52917 0,0.40422 -0.44424,0.52917 -1.88148,0.52917 -1.03481,0 -1.983,-0.10152 -2.10707,-0.2256 z m 4.78063,-0.21538 c 0.0847,-0.25707 0.90612,-0.48544 1.96968,-0.5476 1.45956,-0.0853 1.82435,0.003 1.82435,0.44097 0,0.42957 -0.42456,0.54761 -1.96967,0.54761 -1.41806,0 -1.92898,-0.1235 -1.82436,-0.44098 z m 4.72479,-0.0882 c 0.14577,-0.37985 0.73989,-0.52916 2.1056,-0.52916 1.45595,0 1.90253,0.12421 1.90253,0.52916 0,0.41127 -0.46914,0.52917 -2.10559,0.52917 -1.72671,0 -2.06906,-0.0952 -1.90254,-0.52917 z M -107.19227,94.7561 c -0.35233,-0.35232 -0.29454,-1.81267 0.0809,-2.04471 0.17709,-0.10945 -0.12347,-1.45868 -0.66791,-2.99828 -0.9238,-2.61238 -0.98506,-3.19437 -0.33622,-3.19437 0.42417,0 1.9734,5.37369 1.91105,6.62869 -0.0597,1.2023 -0.56744,2.02908 -0.98784,1.60867 z m 84.425567,-0.29986 c 0,-0.39981 0.43117,-0.52916 1.76389,-0.52916 1.33271,0 1.76389,0.12935 1.76389,0.52916 0,0.39982 -0.43118,0.52917 -1.76389,0.52917 -1.33272,0 -1.76389,-0.12935 -1.76389,-0.52917 z m 4.23333,0 c 0,-0.40623 0.45077,-0.52916 1.94028,-0.52916 1.4895,0 1.94027,0.12293 1.94027,0.52916 0,0.40623 -0.45077,0.52917 -1.94027,0.52917 -1.48951,0 -1.94028,-0.12294 -1.94028,-0.52917 z M -129.94911,92.41418 c -0.70162,-0.8454 -2.5333,-5.25412 -2.32377,-5.59314 0.35229,-0.57002 1.11793,0.34671 1.68876,2.02201 0.29517,0.86628 0.86021,1.98635 1.25564,2.48906 0.94776,1.20489 0.34847,2.24976 -0.62063,1.08207 z m 14.5578,-1.34326 c -0.5708,-0.79477 -1.49796,-1.99354 -2.06039,-2.66394 -0.68172,-0.8126 -0.90498,-1.33649 -0.6698,-1.57168 0.38446,-0.38446 2.57684,1.83775 2.57114,2.60614 -0.002,0.23578 0.49872,0.84124 1.11213,1.34546 0.64722,0.532 1.00997,1.08723 0.86431,1.32292 -0.40968,0.66286 -0.72444,0.48293 -1.81739,-1.0389 z m -5.36537,-6.16703 c -1.57467,-1.3775 -2.35477,-2.61848 -1.64599,-2.61848 0.44928,0 4.33662,3.67515 4.17093,3.94325 -0.30974,0.50117 -0.62926,0.33353 -2.52494,-1.32477 z m -13.09205,0.17503 c -0.20842,-0.59788 -0.48531,-1.88885 -0.61531,-2.86883 -0.19096,-1.43954 -0.14174,-1.75038 0.25625,-1.61827 0.27093,0.0899 0.58826,0.7856 0.70518,1.54592 0.11691,0.76031 0.39473,1.82929 0.61736,2.3755 0.52979,1.29981 0.5106,1.65273 -0.0899,1.65273 -0.27207,0 -0.66519,-0.48918 -0.87361,-1.08705 z m 23.35349,-1.2942 c -0.51486,-1.11566 -1.25683,-2.38777 -1.64881,-2.8269 -0.51817,-0.5805 -0.60681,-0.9043 -0.32477,-1.18634 0.21336,-0.21336 0.54926,-0.28821 0.74646,-0.16634 0.38961,0.24079 2.87792,5.31502 2.87792,5.86873 0,0.95015 -0.82,0.11109 -1.6508,-1.68915 z m 19.995217,1.78707 c 0,-0.13277 0.30544,-0.88683 0.67877,-1.67569 0.37333,-0.78887 0.92085,-2.02961 1.21672,-2.75722 0.50032,-1.23038 1.27951,-1.80624 1.27951,-0.94561 0,0.94153 -2.22997,5.61992 -2.67876,5.61992 -0.27293,0 -0.49624,-0.10863 -0.49624,-0.2414 z m 42.58398,-0.81658 c -0.25091,-0.95949 0.33093,-1.24394 0.78998,-0.38621 0.48726,0.91045 0.46777,1.09141 -0.11754,1.09141 -0.26842,0 -0.57101,-0.31734 -0.67244,-0.7052 z m -1.46537,-3.60663 c -0.6856,-0.97882 -0.6942,-1.33261 -0.0324,-1.33261 0.51403,0 1.24713,1.02323 1.24713,1.74069 0,0.63268 -0.63521,0.41929 -1.21471,-0.40808 z m -85.215727,-4.15484 c 0,-2.43024 0.10958,-3.19727 0.44098,-3.0868 0.30574,0.10191 0.44097,1.04853 0.44097,3.0868 0,2.03828 -0.13523,2.9849 -0.44097,3.08681 -0.3314,0.11046 -0.44098,-0.65656 -0.44098,-3.08681 z m 85.586247,1.91143 c -0.33361,-0.86936 -0.25622,-1.20587 0.27729,-1.20587 0.46223,0 0.91969,0.71624 0.91969,1.43996 0,0.5478 -0.96972,0.35815 -1.19698,-0.23409 z m -38.31413,-0.004 c 0,-0.11492 0.3175,-0.61258 0.70555,-1.10591 0.38806,-0.49333 0.70556,-1.10961 0.70556,-1.3695 0,-0.46261 1.71964,-1.54899 2.45192,-1.54899 0.20367,0 0.3703,0.23813 0.3703,0.52917 0,0.29104 -0.20285,0.52917 -0.45077,0.52917 -0.48481,0 -1.12047,0.6627 -2.115,2.205 -0.54425,0.84401 -1.66756,1.35668 -1.66756,0.76106 z m -27.434727,-0.8494 c -0.52373,-0.83862 -0.0123,-0.9384 0.77487,-0.15119 0.67051,0.67052 0.69444,0.85675 0.11005,0.85675 -0.24437,0 -0.64258,-0.3175 -0.88492,-0.70556 z m 33.582417,-0.9474 c -0.2651,-0.42028 -0.26457,-0.83323 0.002,-1.40836 0.39826,-0.85986 0.90606,-1.09366 0.90606,-0.41715 0,0.22114 0.27781,0.6082 0.61736,0.86013 0.58293,0.4325 0.57801,0.48815 -0.0882,0.99781 -0.89848,0.68735 -0.98422,0.68541 -1.43703,-0.0324 z m 23.14241,-0.0931 c -0.24241,-0.45294 -0.24592,-0.7537 -0.0105,-0.8992 0.19455,-0.12024 0.36379,-0.56643 0.37609,-0.99155 l 0.0224,-0.77293 0.30569,0.75766 c 0.16814,0.4167 0.47557,0.86264 0.6832,0.99095 0.55448,0.34269 0.46405,0.67346 -0.31755,1.16158 -0.58854,0.36754 -0.75088,0.32976 -1.05929,-0.24651 z m 5.93586,-0.13065 c -0.7076,-0.48119 -1.62041,-0.98085 -2.02848,-1.11037 -0.9548,-0.30304 -0.94264,-0.76125 0.0341,-1.28397 0.66311,-0.35488 0.84901,-0.30537 1.27776,0.34037 0.27596,0.41561 0.70107,0.75567 0.94468,0.75567 0.63392,0 1.31362,0.92422 1.17583,1.59881 -0.10055,0.49227 -0.30124,0.44931 -1.40386,-0.30051 z m -64.771017,0.23195 c -0.5236,-0.21128 -0.59597,-1.17748 -0.0882,-1.17748 0.19403,0 0.35278,-0.3175 0.35278,-0.70555 0,-0.81625 0.78262,-0.93366 1.38504,-0.2078 0.2824,0.34028 0.29606,0.57009 0.0432,0.72638 -0.20345,0.12574 -0.36991,0.53675 -0.36991,0.91335 0,0.66705 -0.42694,0.81263 -1.3229,0.4511 z m -4.2472,-1.84128 c -1.90815,-0.35871 -1.47485,-0.90036 0.63125,-0.7891 2.15287,0.11374 2.52318,0.27446 1.75366,0.76113 -0.56033,0.35436 -0.6435,0.35534 -2.38491,0.028 z m -5.71874,-1.62925 c 0,-0.41158 0.47037,-0.52917 2.11666,-0.52917 1.6463,0 2.11667,0.11759 2.11667,0.52917 0,0.41157 -0.47037,0.52917 -2.11667,0.52917 -1.64629,0 -2.11666,-0.1176 -2.11666,-0.52917 z m -2.55764,-1.09218 c -1.60668,-0.80659 -1.93358,-1.17818 -1.45634,-1.65542 0.36224,-0.36224 3.6612,1.48312 3.6612,2.04799 0,0.66167 -0.16254,0.63273 -2.20486,-0.39257 z m -5.20348,-0.87912 c 0,-0.82551 -0.23009,-1.75517 -0.51131,-2.06592 -0.33011,-0.36477 -0.40087,-0.74372 -0.19966,-1.06929 0.25428,-0.41144 0.4849,-0.33105 1.25252,0.43657 0.51747,0.51747 1.24232,1.03653 1.61077,1.15348 0.36845,0.11694 0.66991,0.44004 0.66991,0.71801 0,0.58579 -0.31362,0.63223 -1.05834,0.1567 -0.42127,-0.269 -0.56513,-0.11177 -0.70555,0.77111 -0.27864,1.75184 -1.05834,1.67768 -1.05834,-0.10066 z m 56.004787,1.23777 c -0.11241,-0.11241 0.25801,-0.88949 0.82314,-1.72686 0.56514,-0.83737 1.02752,-1.67965 1.02752,-1.87173 0,-0.53195 1.85876,-1.65263 2.55764,-1.54205 0.36628,0.058 0.61736,-0.12654 0.61736,-0.45366 0,-0.43867 0.43253,-0.55134 2.11666,-0.55134 1.6463,0 2.11667,0.1176 2.11667,0.52917 0,0.41157 -0.47037,0.52917 -2.11667,0.52917 -1.24443,0 -2.11666,0.15279 -2.11666,0.37077 0,0.20393 -0.55563,0.60294 -1.23472,0.88668 -0.6791,0.28375 -1.23473,0.71505 -1.23473,0.95844 0,0.55947 -1.69396,3.07577 -2.07058,3.07577 -0.1547,0 -0.37323,-0.092 -0.48563,-0.20436 z m 19.68947,-1.03247 c -0.36634,-0.68026 -0.58391,-1.31899 -0.48349,-1.41941 0.40931,-0.40932 1.31606,0.31067 1.67003,1.32606 0.47003,1.34834 0.47101,1.33018 -0.0715,1.33018 -0.24692,0 -0.74868,-0.55657 -1.11502,-1.23683 z m -2.36416,-1.96518 c -0.26752,-0.40291 -1.02908,-0.84355 -1.69235,-0.9792 -1.64989,-0.33744 -1.75716,-0.99566 -0.19205,-1.17838 1.12837,-0.13173 1.39369,10e-4 2.30897,1.15684 0.56876,0.71812 1.03411,1.40189 1.03411,1.51949 0,0.51073 -1.01474,0.14986 -1.45868,-0.51875 z m -7.54135,-2.44923 c -0.39258,-0.63521 0.0305,-0.78695 2.19436,-0.78695 1.49841,0 2.04317,0.12933 2.04317,0.48507 0,0.61659 -3.87253,0.89247 -4.23753,0.30188 z"
       id="path1"
       inkscape:transform-center-x="354.88742" /></g></svg>
